Workbook

Sheet Inputs
A1: Inputs: pocket totals and vesting parameters
A2: Source: Token Release Schedule, 19 October 2026. Month index T+0 is the TGE working date, 5 February 2027; vesting day is the 5th.
A4: Total supply (KNX) | B4: 1000000000
A5: TGE working date | B5: 46423
A6: Emissions cap, year 1 (KNX) | B6: 48000000
A7: Emissions cap step-down per year | B7: 0.15
A8: Emissions monthly release in year 1 (KNX, T+4 to T+12) | B8: =B6/12 -> 4000000
A9: Emissions start month | B9: 4
A11: Pocket key | B11: Pocket | C11: Group | D11: Total KNX | E11: Unlocked at TGE (KNX) | F11: Linear start month | G11: Linear end month | H11: Months | I11: Monthly amount (KNX) | J11: Vesting as stated in the schedule
A12: pre_seed | B12: Pre-seed (Brandon Torres Declet) | C12: Legacy investors | D12: 10331395 | E12: 0 | F12: 13 | G12: 60 | H12: =G12-F12+1 -> 48 | I12: =(D12-E12)/H12 -> 215237.4 | J12: 0% at TGE, 12-month cliff, linear T+13 to T+60 (48 months)
A13: seed_ld_capital | B13: Seed (LD Capital) | C13: Legacy investors | D13: 27309255 | E13: 0 | F13: 13 | G13: 60 | H13: =G13-F13+1 -> 48 | I13: =(D13-E13)/H13 -> 568942.81 | J13: 0% at TGE, 12-month cliff, linear T+13 to T+60 (48 months)
A14: seed_cogitent | B14: Seed (Cogitent Ventures) | C14: Legacy investors | D14: 16385554 | E14: 0 | F14: 13 | G14: 60 | H14: =G14-F14+1 -> 48 | I14: =(D14-E14)/H14 -> 341365.71 | J14: 0% at TGE, 12-month cliff, linear T+13 to T+60 (48 months)
A15: seed_leland | B15: Seed (Leland Ventures) | C15: Legacy investors | D15: 10923703 | E15: 0 | F15: 13 | G15: 60 | H15: =G15-F15+1 -> 48 | I15: =(D15-E15)/H15 -> 227577.15 | J15: 0% at TGE, 12-month cliff, linear T+13 to T+60 (48 months)
A16: seed_m77 | B16: Seed (M77 Ventures) | C16: Legacy investors | D16: 10923703 | E16: 0 | F16: 13 | G16: 60 | H16: =G16-F16+1 -> 48 | I16: =(D16-E16)/H16 -> 227577.15 | J16: 0% at TGE, 12-month cliff, linear T+13 to T+60 (48 months)
A17: seed_block_maven | B17: Seed (Block Maven LLC) | C17: Legacy investors | D17: 10923703 | E17: 0 | F17: 13 | G17: 60 | H17: =G17-F17+1 -> 48 | I17: =(D17-E17)/H17 -> 227577.15 | J17: 0% at TGE, 12-month cliff, linear T+13 to T+60 (48 months)
A18: seed_covey | B18: Seed (Covey) | C18: Legacy investors | D18: 10923703 | E18: 0 | F18: 13 | G18: 60 | H18: =G18-F18+1 -> 48 | I18: =(D18-E18)/H18 -> 227577.15 | J18: 0% at TGE, 12-month cliff, linear T+13 to T+60 (48 months)
A19: kol_round | B19: KOL round (T-Rex, K1, Nebula) | C19: Legacy investors | D19: 2278984 | E19: 0 | F19: 13 | G19: 60 | H19: =G19-F19+1 -> 48 | I19: =(D19-E19)/H19 -> 47478.833 | J19: 0% at TGE, 12-month cliff, linear T+13 to T+60 (48 months)
A20: main_close | B20: New round, main close | C20: New round | D20: 175000000 | E20: 0 | F20: 13 | G20: 36 | H20: =G20-F20+1 -> 24 | I20: =(D20-E20)/H20 -> 7291666.7 | J20: 0% at TGE, 12-month cliff, linear T+13 to T+36 (24 months)
A21: top_up_close | B21: New round, top-up close | C21: New round | D21: 20000000 | E21: 0 | F21: 13 | G21: 36 | H21: =G21-F21+1 -> 24 | I21: =(D21-E21)/H21 -> 833333.33 | J21: 0% at TGE, 12-month cliff, linear T+13 to T+36 (24 months)
A22: kolpad | B22: KOLpad allocations (KOLs and Mindo commission) | C22: KOLpad | D22: 15000000 | E22: 3000000 | F22: 1 | G22: 2 | H22: =G22-F22+1 -> 2 | I22: =(D22-E22)/H22 -> 6000000 | J22: 20% at TGE, 40% at T+1, 40% at T+2
A23: emissions | B23: Mining and validator emissions | C23: Emissions | D23: 485000000 | E23: 0 | F23: 4 | G23: cap | H23: cap | I23: see rows 6 to 9 | J23: Declining annual cap: 48,000,000 in year 1, stepping down 15% a year; issuance is the lesser of the cap and a usage-linked formula. Starts T+4
A24: marketing | B24: Marketing and exchanges | C24: Marketing | D24: 50000000 | E24: 35000000 | F24: 1 | G24: 30 | H24: =G24-F24+1 -> 30 | I24: =(D24-E24)/H24 -> 500000 | J24: 35,000,000 at TGE itemized to listing and liquidity obligations; 15,000,000 linear T+1 to T+30
A25: treasury | B25: Treasury and reserves | C25: Treasury | D25: 50000000 | E25: 0 | F25: 7 | G25: 36 | H25: =G25-F25+1 -> 30 | I25: =(D25-E25)/H25 -> 1666666.7 | J25: 0% at TGE, linear T+7 to T+36 (30 months)
A26: foundation | B26: Foundation | C26: Foundation | D26: 40000000 | E26: 0 | F26: 13 | G26: 36 | H26: =G26-F26+1 -> 24 | I26: =(D26-E26)/H26 -> 1666666.7 | J26: 0% at TGE, linear T+13 to T+36 (24 months)
A27: team | B27: Team and advisors | C27: Team | D27: 50000000 | E27: 0 | F27: 14 | G27: 38 | H27: =G27-F27+1 -> 25 | I27: =(D27-E27)/H27 -> 2000000 | J27: 0% at TGE, 2,000,000 a month T+14 to T+38 (25 months)
A28: liquidity_mm | B28: Liquidity / market making | C28: Liquidity | D28: 10000000 | E28: 10000000 | F28: 0 | G28: 0 | H28: 0 | I28: 0 | J28: 10,000,000 at TGE as a returnable market-maker loan, terms to be published
A29: community_airdrop | B29: Community airdrop | C29: Airdrop | D29: 5000000 | E29: 5000000 | F29: 0 | G29: 0 | H29: 0 | I29: 0 | J29: 5,000,000 at TGE, retroactive and unconditional
A30: Total | D30: =SUM(D12:D29) -> 1000000000 | E30: =SUM(E12:E29) -> 53000000

Sheet Grid
A1: Monthly unlock by pocket, T+0 to T+84 (formulas driven by Inputs)
A2: Columns C onward: KNX unlocked in that month. Circulating is the running total. Beyond T+84 the emissions remainder is a ceiling under the cap, not scheduled supply.
A4: Month | B4: Date | C4: Pre-seed (Brandon Torres Declet) | D4: Seed (LD Capital) | E4: Seed (Cogitent Ventures) | F4: Seed (Leland Ventures) | G4: Seed (M77 Ventures) | H4: Seed (Block Maven LLC) | I4: Seed (Covey) | J4: KOL round (T-Rex, K1, Nebula) | K4: New round, main close | L4: New round, top-up close | M4: KOLpad allocations (KOLs and Mindo commission) | N4: Mining and validator emissions | O4: Marketing and exchanges | P4: Treasury and reserves | Q4: Foundation | R4: Team and advisors | S4: Liquidity / market making | T4: Community airdrop | U4: Monthly total | V4: Circulating (cumulative) | W4: Circulating % of supply
A5: 0 | B5: =EDATE(Inputs!$B$5,A5) -> 46423 | C5: =IF(A5=0,Inputs!$E$12,IF(AND(A5>=Inputs!$F$12,A5<=Inputs!$G$12),Inputs!$I$12,0)) -> 0 | D5: =IF(A5=0,Inputs!$E$13,IF(AND(A5>=Inputs!$F$13,A5<=Inputs!$G$13),Inputs!$I$13,0)) -> 0 | E5: =IF(A5=0,Inputs!$E$14,IF(AND(A5>=Inputs!$F$14,A5<=Inputs!$G$14),Inputs!$I$14,0)) -> 0 | F5: =IF(A5=0,Inputs!$E$15,IF(AND(A5>=Inputs!$F$15,A5<=Inputs!$G$15),Inputs!$I$15,0)) -> 0 | G5: =IF(A5=0,Inputs!$E$16,IF(AND(A5>=Inputs!$F$16,A5<=Inputs!$G$16),Inputs!$I$16,0)) -> 0 | H5: =IF(A5=0,Inputs!$E$17,IF(AND(A5>=Inputs!$F$17,A5<=Inputs!$G$17),Inputs!$I$17,0)) -> 0 | I5: =IF(A5=0,Inputs!$E$18,IF(AND(A5>=Inputs!$F$18,A5<=Inputs!$G$18),Inputs!$I$18,0)) -> 0 | J5: =IF(A5=0,Inputs!$E$19,IF(AND(A5>=Inputs!$F$19,A5<=Inputs!$G$19),Inputs!$I$19,0)) -> 0 | K5: =IF(A5=0,Inputs!$E$20,IF(AND(A5>=Inputs!$F$20,A5<=Inputs!$G$20),Inputs!$I$20,0)) -> 0 | L5: =IF(A5=0,Inputs!$E$21,IF(AND(A5>=Inputs!$F$21,A5<=Inputs!$G$21),Inputs!$I$21,0)) -> 0 | M5: =IF(A5=0,Inputs!$E$22,IF(AND(A5>=Inputs!$F$22,A5<=Inputs!$G$22),Inputs!$I$22,0)) -> 3000000 | N5: =IF(A5<Inputs!$B$9,0,IF(A5<=12,Inputs!$B$8,Inputs!$B$6*(1-Inputs!$B$7)^(INT((A5-13)/12)+1)/12)) -> 0 | O5: =IF(A5=0,Inputs!$E$24,IF(AND(A5>=Inputs!$F$24,A5<=Inputs!$G$24),Inputs!$I$24,0)) -> 35000000 | P5: =IF(A5=0,Inputs!$E$25,IF(AND(A5>=Inputs!$F$25,A5<=Inputs!$G$25),Inputs!$I$25,0)) -> 0 | Q5: =IF(A5=0,Inputs!$E$26,IF(AND(A5>=Inputs!$F$26,A5<=Inputs!$G$26),Inputs!$I$26,0)) -> 0 | R5: =IF(A5=0,Inputs!$E$27,IF(AND(A5>=Inputs!$F$27,A5<=Inputs!$G$27),Inputs!$I$27,0)) -> 0 | S5: =IF(A5=0,Inputs!$E$28,IF(AND(A5>=Inputs!$F$28,A5<=Inputs!$G$28),Inputs!$I$28,0)) -> 10000000 | T5: =IF(A5=0,Inputs!$E$29,IF(AND(A5>=Inputs!$F$29,A5<=Inputs!$G$29),Inputs!$I$29,0)) -> 5000000 | U5: =SUM(C5:T5) -> 53000000 | V5: =U5 -> 53000000 | W5: =V5/Inputs!$B$4 -> 0.053
A6: 1 | B6: =EDATE(Inputs!$B$5,A6) -> 46451 | C6: =IF(A6=0,Inputs!$E$12,IF(AND(A6>=Inputs!$F$12,A6<=Inputs!$G$12),Inputs!$I$12,0)) -> 0 | D6: =IF(A6=0,Inputs!$E$13,IF(AND(A6>=Inputs!$F$13,A6<=Inputs!$G$13),Inputs!$I$13,0)) -> 0 | E6: =IF(A6=0,Inputs!$E$14,IF(AND(A6>=Inputs!$F$14,A6<=Inputs!$G$14),Inputs!$I$14,0)) -> 0 | F6: =IF(A6=0,Inputs!$E$15,IF(AND(A6>=Inputs!$F$15,A6<=Inputs!$G$15),Inputs!$I$15,0)) -> 0 | G6: =IF(A6=0,Inputs!$E$16,IF(AND(A6>=Inputs!$F$16,A6<=Inputs!$G$16),Inputs!$I$16,0)) -> 0 | H6: =IF(A6=0,Inputs!$E$17,IF(AND(A6>=Inputs!$F$17,A6<=Inputs!$G$17),Inputs!$I$17,0)) -> 0 | I6: =IF(A6=0,Inputs!$E$18,IF(AND(A6>=Inputs!$F$18,A6<=Inputs!$G$18),Inputs!$I$18,0)) -> 0 | J6: =IF(A6=0,Inputs!$E$19,IF(AND(A6>=Inputs!$F$19,A6<=Inputs!$G$19),Inputs!$I$19,0)) -> 0 | K6: =IF(A6=0,Inputs!$E$20,IF(AND(A6>=Inputs!$F$20,A6<=Inputs!$G$20),Inputs!$I$20,0)) -> 0 | L6: =IF(A6=0,Inputs!$E$21,IF(AND(A6>=Inputs!$F$21,A6<=Inputs!$G$21),Inputs!$I$21,0)) -> 0 | M6: =IF(A6=0,Inputs!$E$22,IF(AND(A6>=Inputs!$F$22,A6<=Inputs!$G$22),Inputs!$I$22,0)) -> 6000000 | N6: =IF(A6<Inputs!$B$9,0,IF(A6<=12,Inputs!$B$8,Inputs!$B$6*(1-Inputs!$B$7)^(INT((A6-13)/12)+1)/12)) -> 0 | O6: =IF(A6=0,Inputs!$E$24,IF(AND(A6>=Inputs!$F$24,A6<=Inputs!$G$24),Inputs!$I$24,0)) -> 500000 | P6: =IF(A6=0,Inputs!$E$25,IF(AND(A6>=Inputs!$F$25,A6<=Inputs!$G$25),Inputs!$I$25,0)) -> 0 | Q6: =IF(A6=0,Inputs!$E$26,IF(AND(A6>=Inputs!$F$26,A6<=Inputs!$G$26),Inputs!$I$26,0)) -> 0 | R6: =IF(A6=0,Inputs!$E$27,IF(AND(A6>=Inputs!$F$27,A6<=Inputs!$G$27),Inputs!$I$27,0)) -> 0 | S6: =IF(A6=0,Inputs!$E$28,IF(AND(A6>=Inputs!$F$28,A6<=Inputs!$G$28),Inputs!$I$28,0)) -> 0 | T6: =IF(A6=0,Inputs!$E$29,IF(AND(A6>=Inputs!$F$29,A6<=Inputs!$G$29),Inputs!$I$29,0)) -> 0 | U6: =SUM(C6:T6) -> 6500000 | V6: =V5+U6 -> 59500000 | W6: =V6/Inputs!$B$4 -> 0.0595
A7: 2 | B7: =EDATE(Inputs!$B$5,A7) -> 46482 | C7: =IF(A7=0,Inputs!$E$12,IF(AND(A7>=Inputs!$F$12,A7<=Inputs!$G$12),Inputs!$I$12,0)) -> 0 | D7: =IF(A7=0,Inputs!$E$13,IF(AND(A7>=Inputs!$F$13,A7<=Inputs!$G$13),Inputs!$I$13,0)) -> 0 | E7: =IF(A7=0,Inputs!$E$14,IF(AND(A7>=Inputs!$F$14,A7<=Inputs!$G$14),Inputs!$I$14,0)) -> 0 | F7: =IF(A7=0,Inputs!$E$15,IF(AND(A7>=Inputs!$F$15,A7<=Inputs!$G$15),Inputs!$I$15,0)) -> 0 | G7: =IF(A7=0,Inputs!$E$16,IF(AND(A7>=Inputs!$F$16,A7<=Inputs!$G$16),Inputs!$I$16,0)) -> 0 | H7: =IF(A7=0,Inputs!$E$17,IF(AND(A7>=Inputs!$F$17,A7<=Inputs!$G$17),Inputs!$I$17,0)) -> 0 | I7: =IF(A7=0,Inputs!$E$18,IF(AND(A7>=Inputs!$F$18,A7<=Inputs!$G$18),Inputs!$I$18,0)) -> 0 | J7: =IF(A7=0,Inputs!$E$19,IF(AND(A7>=Inputs!$F$19,A7<=Inputs!$G$19),Inputs!$I$19,0)) -> 0 | K7: =IF(A7=0,Inputs!$E$20,IF(AND(A7>=Inputs!$F$20,A7<=Inputs!$G$20),Inputs!$I$20,0)) -> 0 | L7: =IF(A7=0,Inputs!$E$21,IF(AND(A7>=Inputs!$F$21,A7<=Inputs!$G$21),Inputs!$I$21,0)) -> 0 | M7: =IF(A7=0,Inputs!$E$22,IF(AND(A7>=Inputs!$F$22,A7<=Inputs!$G$22),Inputs!$I$22,0)) -> 6000000 | N7: =IF(A7<Inputs!$B$9,0,IF(A7<=12,Inputs!$B$8,Inputs!$B$6*(1-Inputs!$B$7)^(INT((A7-13)/12)+1)/12)) -> 0 | O7: =IF(A7=0,Inputs!$E$24,IF(AND(A7>=Inputs!$F$24,A7<=Inputs!$G$24),Inputs!$I$24,0)) -> 500000 | P7: =IF(A7=0,Inputs!$E$25,IF(AND(A7>=Inputs!$F$25,A7<=Inputs!$G$25),Inputs!$I$25,0)) -> 0 | Q7: =IF(A7=0,Inputs!$E$26,IF(AND(A7>=Inputs!$F$26,A7<=Inputs!$G$26),Inputs!$I$26,0)) -> 0 | R7: =IF(A7=0,Inputs!$E$27,IF(AND(A7>=Inputs!$F$27,A7<=Inputs!$G$27),Inputs!$I$27,0)) -> 0 | S7: =IF(A7=0,Inputs!$E$28,IF(AND(A7>=Inputs!$F$28,A7<=Inputs!$G$28),Inputs!$I$28,0)) -> 0 | T7: =IF(A7=0,Inputs!$E$29,IF(AND(A7>=Inputs!$F$29,A7<=Inputs!$G$29),Inputs!$I$29,0)) -> 0 | U7: =SUM(C7:T7) -> 6500000 | V7: =V6+U7 -> 66000000 | W7: =V7/Inputs!$B$4 -> 0.066
A8: 3 | B8: =EDATE(Inputs!$B$5,A8) -> 46512 | C8: =IF(A8=0,Inputs!$E$12,IF(AND(A8>=Inputs!$F$12,A8<=Inputs!$G$12),Inputs!$I$12,0)) -> 0 | D8: =IF(A8=0,Inputs!$E$13,IF(AND(A8>=Inputs!$F$13,A8<=Inputs!$G$13),Inputs!$I$13,0)) -> 0 | E8: =IF(A8=0,Inputs!$E$14,IF(AND(A8>=Inputs!$F$14,A8<=Inputs!$G$14),Inputs!$I$14,0)) -> 0 | F8: =IF(A8=0,Inputs!$E$15,IF(AND(A8>=Inputs!$F$15,A8<=Inputs!$G$15),Inputs!$I$15,0)) -> 0 | G8: =IF(A8=0,Inputs!$E$16,IF(AND(A8>=Inputs!$F$16,A8<=Inputs!$G$16),Inputs!$I$16,0)) -> 0 | H8: =IF(A8=0,Inputs!$E$17,IF(AND(A8>=Inputs!$F$17,A8<=Inputs!$G$17),Inputs!$I$17,0)) -> 0 | I8: =IF(A8=0,Inputs!$E$18,IF(AND(A8>=Inputs!$F$18,A8<=Inputs!$G$18),Inputs!$I$18,0)) -> 0 | J8: =IF(A8=0,Inputs!$E$19,IF(AND(A8>=Inputs!$F$19,A8<=Inputs!$G$19),Inputs!$I$19,0)) -> 0 | K8: =IF(A8=0,Inputs!$E$20,IF(AND(A8>=Inputs!$F$20,A8<=Inputs!$G$20),Inputs!$I$20,0)) -> 0 | L8: =IF(A8=0,Inputs!$E$21,IF(AND(A8>=Inputs!$F$21,A8<=Inputs!$G$21),Inputs!$I$21,0)) -> 0 | M8: =IF(A8=0,Inputs!$E$22,IF(AND(A8>=Inputs!$F$22,A8<=Inputs!$G$22),Inputs!$I$22,0)) -> 0 | N8: =IF(A8<Inputs!$B$9,0,IF(A8<=12,Inputs!$B$8,Inputs!$B$6*(1-Inputs!$B$7)^(INT((A8-13)/12)+1)/12)) -> 0 | O8: =IF(A8=0,Inputs!$E$24,IF(AND(A8>=Inputs!$F$24,A8<=Inputs!$G$24),Inputs!$I$24,0)) -> 500000 | P8: =IF(A8=0,Inputs!$E$25,IF(AND(A8>=Inputs!$F$25,A8<=Inputs!$G$25),Inputs!$I$25,0)) -> 0 | Q8: =IF(A8=0,Inputs!$E$26,IF(AND(A8>=Inputs!$F$26,A8<=Inputs!$G$26),Inputs!$I$26,0)) -> 0 | R8: =IF(A8=0,Inputs!$E$27,IF(AND(A8>=Inputs!$F$27,A8<=Inputs!$G$27),Inputs!$I$27,0)) -> 0 | S8: =IF(A8=0,Inputs!$E$28,IF(AND(A8>=Inputs!$F$28,A8<=Inputs!$G$28),Inputs!$I$28,0)) -> 0 | T8: =IF(A8=0,Inputs!$E$29,IF(AND(A8>=Inputs!$F$29,A8<=Inputs!$G$29),Inputs!$I$29,0)) -> 0 | U8: =SUM(C8:T8) -> 500000 | V8: =V7+U8 -> 66500000 | W8: =V8/Inputs!$B$4 -> 0.0665
A9: 4 | B9: =EDATE(Inputs!$B$5,A9) -> 46543 | C9: =IF(A9=0,Inputs!$E$12,IF(AND(A9>=Inputs!$F$12,A9<=Inputs!$G$12),Inputs!$I$12,0)) -> 0 | D9: =IF(A9=0,Inputs!$E$13,IF(AND(A9>=Inputs!$F$13,A9<=Inputs!$G$13),Inputs!$I$13,0)) -> 0 | E9: =IF(A9=0,Inputs!$E$14,IF(AND(A9>=Inputs!$F$14,A9<=Inputs!$G$14),Inputs!$I$14,0)) -> 0 | F9: =IF(A9=0,Inputs!$E$15,IF(AND(A9>=Inputs!$F$15,A9<=Inputs!$G$15),Inputs!$I$15,0)) -> 0 | G9: =IF(A9=0,Inputs!$E$16,IF(AND(A9>=Inputs!$F$16,A9<=Inputs!$G$16),Inputs!$I$16,0)) -> 0 | H9: =IF(A9=0,Inputs!$E$17,IF(AND(A9>=Inputs!$F$17,A9<=Inputs!$G$17),Inputs!$I$17,0)) -> 0 | I9: =IF(A9=0,Inputs!$E$18,IF(AND(A9>=Inputs!$F$18,A9<=Inputs!$G$18),Inputs!$I$18,0)) -> 0 | J9: =IF(A9=0,Inputs!$E$19,IF(AND(A9>=Inputs!$F$19,A9<=Inputs!$G$19),Inputs!$I$19,0)) -> 0 | K9: =IF(A9=0,Inputs!$E$20,IF(AND(A9>=Inputs!$F$20,A9<=Inputs!$G$20),Inputs!$I$20,0)) -> 0 | L9: =IF(A9=0,Inputs!$E$21,IF(AND(A9>=Inputs!$F$21,A9<=Inputs!$G$21),Inputs!$I$21,0)) -> 0 | M9: =IF(A9=0,Inputs!$E$22,IF(AND(A9>=Inputs!$F$22,A9<=Inputs!$G$22),Inputs!$I$22,0)) -> 0 | N9: =IF(A9<Inputs!$B$9,0,IF(A9<=12,Inputs!$B$8,Inputs!$B$6*(1-Inputs!$B$7)^(INT((A9-13)/12)+1)/12)) -> 4000000 | O9: =IF(A9=0,Inputs!$E$24,IF(AND(A9>=Inputs!$F$24,A9<=Inputs!$G$24),Inputs!$I$24,0)) -> 500000 | P9: =IF(A9=0,Inputs!$E$25,IF(AND(A9>=Inputs!$F$25,A9<=Inputs!$G$25),Inputs!$I$25,0)) -> 0 | Q9: =IF(A9=0,Inputs!$E$26,IF(AND(A9>=Inputs!$F$26,A9<=Inputs!$G$26),Inputs!$I$26,0)) -> 0 | R9: =IF(A9=0,Inputs!$E$27,IF(AND(A9>=Inputs!$F$27,A9<=Inputs!$G$27),Inputs!$I$27,0)) -> 0 | S9: =IF(A9=0,Inputs!$E$28,IF(AND(A9>=Inputs!$F$28,A9<=Inputs!$G$28),Inputs!$I$28,0)) -> 0 | T9: =IF(A9=0,Inputs!$E$29,IF(AND(A9>=Inputs!$F$29,A9<=Inputs!$G$29),Inputs!$I$29,0)) -> 0 | U9: =SUM(C9:T9) -> 4500000 | V9: =V8+U9 -> 71000000 | W9: =V9/Inputs!$B$4 -> 0.071
A10: 5 | B10: =EDATE(Inputs!$B$5,A10) -> 46573 | C10: =IF(A10=0,Inputs!$E$12,IF(AND(A10>=Inputs!$F$12,A10<=Inputs!$G$12),Inputs!$I$12,0)) -> 0 | D10: =IF(A10=0,Inputs!$E$13,IF(AND(A10>=Inputs!$F$13,A10<=Inputs!$G$13),Inputs!$I$13,0)) -> 0 | E10: =IF(A10=0,Inputs!$E$14,IF(AND(A10>=Inputs!$F$14,A10<=Inputs!$G$14),Inputs!$I$14,0)) -> 0 | F10: =IF(A10=0,Inputs!$E$15,IF(AND(A10>=Inputs!$F$15,A10<=Inputs!$G$15),Inputs!$I$15,0)) -> 0 | G10: =IF(A10=0,Inputs!$E$16,IF(AND(A10>=Inputs!$F$16,A10<=Inputs!$G$16),Inputs!$I$16,0)) -> 0 | H10: =IF(A10=0,Inputs!$E$17,IF(AND(A10>=Inputs!$F$17,A10<=Inputs!$G$17),Inputs!$I$17,0)) -> 0 | I10: =IF(A10=0,Inputs!$E$18,IF(AND(A10>=Inputs!$F$18,A10<=Inputs!$G$18),Inputs!$I$18,0)) -> 0 | J10: =IF(A10=0,Inputs!$E$19,IF(AND(A10>=Inputs!$F$19,A10<=Inputs!$G$19),Inputs!$I$19,0)) -> 0 | K10: =IF(A10=0,Inputs!$E$20,IF(AND(A10>=Inputs!$F$20,A10<=Inputs!$G$20),Inputs!$I$20,0)) -> 0 | L10: =IF(A10=0,Inputs!$E$21,IF(AND(A10>=Inputs!$F$21,A10<=Inputs!$G$21),Inputs!$I$21,0)) -> 0 | M10: =IF(A10=0,Inputs!$E$22,IF(AND(A10>=Inputs!$F$22,A10<=Inputs!$G$22),Inputs!$I$22,0)) -> 0 | N10: =IF(A10<Inputs!$B$9,0,IF(A10<=12,Inputs!$B$8,Inputs!$B$6*(1-Inputs!$B$7)^(INT((A10-13)/12)+1)/12)) -> 4000000 | O10: =IF(A10=0,Inputs!$E$24,IF(AND(A10>=Inputs!$F$24,A10<=Inputs!$G$24),Inputs!$I$24,0)) -> 500000 | P10: =IF(A10=0,Inputs!$E$25,IF(AND(A10>=Inputs!$F$25,A10<=Inputs!$G$25),Inputs!$I$25,0)) -> 0 | Q10: =IF(A10=0,Inputs!$E$26,IF(AND(A10>=Inputs!$F$26,A10<=Inputs!$G$26),Inputs!$I$26,0)) -> 0 | R10: =IF(A10=0,Inputs!$E$27,IF(AND(A10>=Inputs!$F$27,A10<=Inputs!$G$27),Inputs!$I$27,0)) -> 0 | S10: =IF(A10=0,Inputs!$E$28,IF(AND(A10>=Inputs!$F$28,A10<=Inputs!$G$28),Inputs!$I$28,0)) -> 0 | T10: =IF(A10=0,Inputs!$E$29,IF(AND(A10>=Inputs!$F$29,A10<=Inputs!$G$29),Inputs!$I$29,0)) -> 0 | U10: =SUM(C10:T10) -> 4500000 | V10: =V9+U10 -> 75500000 | W10: =V10/Inputs!$B$4 -> 0.0755
A11: 6 | B11: =EDATE(Inputs!$B$5,A11) -> 46604 | C11: =IF(A11=0,Inputs!$E$12,IF(AND(A11>=Inputs!$F$12,A11<=Inputs!$G$12),Inputs!$I$12,0)) -> 0 | D11: =IF(A11=0,Inputs!$E$13,IF(AND(A11>=Inputs!$F$13,A11<=Inputs!$G$13),Inputs!$I$13,0)) -> 0 | E11: =IF(A11=0,Inputs!$E$14,IF(AND(A11>=Inputs!$F$14,A11<=Inputs!$G$14),Inputs!$I$14,0)) -> 0 | F11: =IF(A11=0,Inputs!$E$15,IF(AND(A11>=Inputs!$F$15,A11<=Inputs!$G$15),Inputs!$I$15,0)) -> 0 | G11: =IF(A11=0,Inputs!$E$16,IF(AND(A11>=Inputs!$F$16,A11<=Inputs!$G$16),Inputs!$I$16,0)) -> 0 | H11: =IF(A11=0,Inputs!$E$17,IF(AND(A11>=Inputs!$F$17,A11<=Inputs!$G$17),Inputs!$I$17,0)) -> 0 | I11: =IF(A11=0,Inputs!$E$18,IF(AND(A11>=Inputs!$F$18,A11<=Inputs!$G$18),Inputs!$I$18,0)) -> 0 | J11: =IF(A11=0,Inputs!$E$19,IF(AND(A11>=Inputs!$F$19,A11<=Inputs!$G$19),Inputs!$I$19,0)) -> 0 | K11: =IF(A11=0,Inputs!$E$20,IF(AND(A11>=Inputs!$F$20,A11<=Inputs!$G$20),Inputs!$I$20,0)) -> 0 | L11: =IF(A11=0,Inputs!$E$21,IF(AND(A11>=Inputs!$F$21,A11<=Inputs!$G$21),Inputs!$I$21,0)) -> 0 | M11: =IF(A11=0,Inputs!$E$22,IF(AND(A11>=Inputs!$F$22,A11<=Inputs!$G$22),Inputs!$I$22,0)) -> 0 | N11: =IF(A11<Inputs!$B$9,0,IF(A11<=12,Inputs!$B$8,Inputs!$B$6*(1-Inputs!$B$7)^(INT((A11-13)/12)+1)/12)) -> 4000000 | O11: =IF(A11=0,Inputs!$E$24,IF(AND(A11>=Inputs!$F$24,A11<=Inputs!$G$24),Inputs!$I$24,0)) -> 500000 | P11: =IF(A11=0,Inputs!$E$25,IF(AND(A11>=Inputs!$F$25,A11<=Inputs!$G$25),Inputs!$I$25,0)) -> 0 | Q11: =IF(A11=0,Inputs!$E$26,IF(AND(A11>=Inputs!$F$26,A11<=Inputs!$G$26),Inputs!$I$26,0)) -> 0 | R11: =IF(A11=0,Inputs!$E$27,IF(AND(A11>=Inputs!$F$27,A11<=Inputs!$G$27),Inputs!$I$27,0)) -> 0 | S11: =IF(A11=0,Inputs!$E$28,IF(AND(A11>=Inputs!$F$28,A11<=Inputs!$G$28),Inputs!$I$28,0)) -> 0 | T11: =IF(A11=0,Inputs!$E$29,IF(AND(A11>=Inputs!$F$29,A11<=Inputs!$G$29),Inputs!$I$29,0)) -> 0 | U11: =SUM(C11:T11) -> 4500000 | V11: =V10+U11 -> 80000000 | W11: =V11/Inputs!$B$4 -> 0.08
A12: 7 | B12: =EDATE(Inputs!$B$5,A12) -> 46635 | C12: =IF(A12=0,Inputs!$E$12,IF(AND(A12>=Inputs!$F$12,A12<=Inputs!$G$12),Inputs!$I$12,0)) -> 0 | D12: =IF(A12=0,Inputs!$E$13,IF(AND(A12>=Inputs!$F$13,A12<=Inputs!$G$13),Inputs!$I$13,0)) -> 0 | E12: =IF(A12=0,Inputs!$E$14,IF(AND(A12>=Inputs!$F$14,A12<=Inputs!$G$14),Inputs!$I$14,0)) -> 0 | F12: =IF(A12=0,Inputs!$E$15,IF(AND(A12>=Inputs!$F$15,A12<=Inputs!$G$15),Inputs!$I$15,0)) -> 0 | G12: =IF(A12=0,Inputs!$E$16,IF(AND(A12>=Inputs!$F$16,A12<=Inputs!$G$16),Inputs!$I$16,0)) -> 0 | H12: =IF(A12=0,Inputs!$E$17,IF(AND(A12>=Inputs!$F$17,A12<=Inputs!$G$17),Inputs!$I$17,0)) -> 0 | I12: =IF(A12=0,Inputs!$E$18,IF(AND(A12>=Inputs!$F$18,A12<=Inputs!$G$18),Inputs!$I$18,0)) -> 0 | J12: =IF(A12=0,Inputs!$E$19,IF(AND(A12>=Inputs!$F$19,A12<=Inputs!$G$19),Inputs!$I$19,0)) -> 0 | K12: =IF(A12=0,Inputs!$E$20,IF(AND(A12>=Inputs!$F$20,A12<=Inputs!$G$20),Inputs!$I$20,0)) -> 0 | L12: =IF(A12=0,Inputs!$E$21,IF(AND(A12>=Inputs!$F$21,A12<=Inputs!$G$21),Inputs!$I$21,0)) -> 0 | M12: =IF(A12=0,Inputs!$E$22,IF(AND(A12>=Inputs!$F$22,A12<=Inputs!$G$22),Inputs!$I$22,0)) -> 0 | N12: =IF(A12<Inputs!$B$9,0,IF(A12<=12,Inputs!$B$8,Inputs!$B$6*(1-Inputs!$B$7)^(INT((A12-13)/12)+1)/12)) -> 4000000 | O12: =IF(A12=0,Inputs!$E$24,IF(AND(A12>=Inputs!$F$24,A12<=Inputs!$G$24),Inputs!$I$24,0)) -> 500000 | P12: =IF(A12=0,Inputs!$E$25,IF(AND(A12>=Inputs!$F$25,A12<=Inputs!$G$25),Inputs!$I$25,0)) -> 1666666.7 | Q12: =IF(A12=0,Inputs!$E$26,IF(AND(A12>=Inputs!$F$26,A12<=Inputs!$G$26),Inputs!$I$26,0)) -> 0 | R12: =IF(A12=0,Inputs!$E$27,IF(AND(A12>=Inputs!$F$27,A12<=Inputs!$G$27),Inputs!$I$27,0)) -> 0 | S12: =IF(A12=0,Inputs!$E$28,IF(AND(A12>=Inputs!$F$28,A12<=Inputs!$G$28),Inputs!$I$28,0)) -> 0 | T12: =IF(A12=0,Inputs!$E$29,IF(AND(A12>=Inputs!$F$29,A12<=Inputs!$G$29),Inputs!$I$29,0)) -> 0 | U12: =SUM(C12:T12) -> 6166666.7 | V12: =V11+U12 -> 86166667 | W12: =V12/Inputs!$B$4 -> 0.086166667
A13: 8 | B13: =EDATE(Inputs!$B$5,A13) -> 46665 | C13: =IF(A13=0,Inputs!$E$12,IF(AND(A13>=Inputs!$F$12,A13<=Inputs!$G$12),Inputs!$I$12,0)) -> 0 | D13: =IF(A13=0,Inputs!$E$13,IF(AND(A13>=Inputs!$F$13,A13<=Inputs!$G$13),Inputs!$I$13,0)) -> 0 | E13: =IF(A13=0,Inputs!$E$14,IF(AND(A13>=Inputs!$F$14,A13<=Inputs!$G$14),Inputs!$I$14,0)) -> 0 | F13: =IF(A13=0,Inputs!$E$15,IF(AND(A13>=Inputs!$F$15,A13<=Inputs!$G$15),Inputs!$I$15,0)) -> 0 | G13: =IF(A13=0,Inputs!$E$16,IF(AND(A13>=Inputs!$F$16,A13<=Inputs!$G$16),Inputs!$I$16,0)) -> 0 | H13: =IF(A13=0,Inputs!$E$17,IF(AND(A13>=Inputs!$F$17,A13<=Inputs!$G$17),Inputs!$I$17,0)) -> 0 | I13: =IF(A13=0,Inputs!$E$18,IF(AND(A13>=Inputs!$F$18,A13<=Inputs!$G$18),Inputs!$I$18,0)) -> 0 | J13: =IF(A13=0,Inputs!$E$19,IF(AND(A13>=Inputs!$F$19,A13<=Inputs!$G$19),Inputs!$I$19,0)) -> 0 | K13: =IF(A13=0,Inputs!$E$20,IF(AND(A13>=Inputs!$F$20,A13<=Inputs!$G$20),Inputs!$I$20,0)) -> 0 | L13: =IF(A13=0,Inputs!$E$21,IF(AND(A13>=Inputs!$F$21,A13<=Inputs!$G$21),Inputs!$I$21,0)) -> 0 | M13: =IF(A13=0,Inputs!$E$22,IF(AND(A13>=Inputs!$F$22,A13<=Inputs!$G$22),Inputs!$I$22,0)) -> 0 | N13: =IF(A13<Inputs!$B$9,0,IF(A13<=12,Inputs!$B$8,Inputs!$B$6*(1-Inputs!$B$7)^(INT((A13-13)/12)+1)/12)) -> 4000000 | O13: =IF(A13=0,Inputs!$E$24,IF(AND(A13>=Inputs!$F$24,A13<=Inputs!$G$24),Inputs!$I$24,0)) -> 500000 | P13: =IF(A13=0,Inputs!$E$25,IF(AND(A13>=Inputs!$F$25,A13<=Inputs!$G$25),Inputs!$I$25,0)) -> 1666666.7 | Q13: =IF(A13=0,Inputs!$E$26,IF(AND(A13>=Inputs!$F$26,A13<=Inputs!$G$26),Inputs!$I$26,0)) -> 0 | R13: =IF(A13=0,Inputs!$E$27,IF(AND(A13>=Inputs!$F$27,A13<=Inputs!$G$27),Inputs!$I$27,0)) -> 0 | S13: =IF(A13=0,Inputs!$E$28,IF(AND(A13>=Inputs!$F$28,A13<=Inputs!$G$28),Inputs!$I$28,0)) -> 0 | T13: =IF(A13=0,Inputs!$E$29,IF(AND(A13>=Inputs!$F$29,A13<=Inputs!$G$29),Inputs!$I$29,0)) -> 0 | U13: =SUM(C13:T13) -> 6166666.7 | V13: =V12+U13 -> 92333333 | W13: =V13/Inputs!$B$4 -> 0.092333333
A14: 9 | B14: =EDATE(Inputs!$B$5,A14) -> 46696 | C14: =IF(A14=0,Inputs!$E$12,IF(AND(A14>=Inputs!$F$12,A14<=Inputs!$G$12),Inputs!$I$12,0)) -> 0 | D14: =IF(A14=0,Inputs!$E$13,IF(AND(A14>=Inputs!$F$13,A14<=Inputs!$G$13),Inputs!$I$13,0)) -> 0 | E14: =IF(A14=0,Inputs!$E$14,IF(AND(A14>=Inputs!$F$14,A14<=Inputs!$G$14),Inputs!$I$14,0)) -> 0 | F14: =IF(A14=0,Inputs!$E$15,IF(AND(A14>=Inputs!$F$15,A14<=Inputs!$G$15),Inputs!$I$15,0)) -> 0 | G14: =IF(A14=0,Inputs!$E$16,IF(AND(A14>=Inputs!$F$16,A14<=Inputs!$G$16),Inputs!$I$16,0)) -> 0 | H14: =IF(A14=0,Inputs!$E$17,IF(AND(A14>=Inputs!$F$17,A14<=Inputs!$G$17),Inputs!$I$17,0)) -> 0 | I14: =IF(A14=0,Inputs!$E$18,IF(AND(A14>=Inputs!$F$18,A14<=Inputs!$G$18),Inputs!$I$18,0)) -> 0 | J14: =IF(A14=0,Inputs!$E$19,IF(AND(A14>=Inputs!$F$19,A14<=Inputs!$G$19),Inputs!$I$19,0)) -> 0 | K14: =IF(A14=0,Inputs!$E$20,IF(AND(A14>=Inputs!$F$20,A14<=Inputs!$G$20),Inputs!$I$20,0)) -> 0 | L14: =IF(A14=0,Inputs!$E$21,IF(AND(A14>=Inputs!$F$21,A14<=Inputs!$G$21),Inputs!$I$21,0)) -> 0 | M14: =IF(A14=0,Inputs!$E$22,IF(AND(A14>=Inputs!$F$22,A14<=Inputs!$G$22),Inputs!$I$22,0)) -> 0 | N14: =IF(A14<Inputs!$B$9,0,IF(A14<=12,Inputs!$B$8,Inputs!$B$6*(1-Inputs!$B$7)^(INT((A14-13)/12)+1)/12)) -> 4000000 | O14: =IF(A14=0,Inputs!$E$24,IF(AND(A14>=Inputs!$F$24,A14<=Inputs!$G$24),Inputs!$I$24,0)) -> 500000 | P14: =IF(A14=0,Inputs!$E$25,IF(AND(A14>=Inputs!$F$25,A14<=Inputs!$G$25),Inputs!$I$25,0)) -> 1666666.7 | Q14: =IF(A14=0,Inputs!$E$26,IF(AND(A14>=Inputs!$F$26,A14<=Inputs!$G$26),Inputs!$I$26,0)) -> 0 | R14: =IF(A14=0,Inputs!$E$27,IF(AND(A14>=Inputs!$F$27,A14<=Inputs!$G$27),Inputs!$I$27,0)) -> 0 | S14: =IF(A14=0,Inputs!$E$28,IF(AND(A14>=Inputs!$F$28,A14<=Inputs!$G$28),Inputs!$I$28,0)) -> 0 | T14: =IF(A14=0,Inputs!$E$29,IF(AND(A14>=Inputs!$F$29,A14<=Inputs!$G$29),Inputs!$I$29,0)) -> 0 | U14: =SUM(C14:T14) -> 6166666.7 | V14: =V13+U14 -> 98500000 | W14: =V14/Inputs!$B$4 -> 0.0985
A15: 10 | B15: =EDATE(Inputs!$B$5,A15) -> 46726 | C15: =IF(A15=0,Inputs!$E$12,IF(AND(A15>=Inputs!$F$12,A15<=Inputs!$G$12),Inputs!$I$12,0)) -> 0 | D15: =IF(A15=0,Inputs!$E$13,IF(AND(A15>=Inputs!$F$13,A15<=Inputs!$G$13),Inputs!$I$13,0)) -> 0 | E15: =IF(A15=0,Inputs!$E$14,IF(AND(A15>=Inputs!$F$14,A15<=Inputs!$G$14),Inputs!$I$14,0)) -> 0 | F15: =IF(A15=0,Inputs!$E$15,IF(AND(A15>=Inputs!$F$15,A15<=Inputs!$G$15),Inputs!$I$15,0)) -> 0 | G15: =IF(A15=0,Inputs!$E$16,IF(AND(A15>=Inputs!$F$16,A15<=Inputs!$G$16),Inputs!$I$16,0)) -> 0 | H15: =IF(A15=0,Inputs!$E$17,IF(AND(A15>=Inputs!$F$17,A15<=Inputs!$G$17),Inputs!$I$17,0)) -> 0 | I15: =IF(A15=0,Inputs!$E$18,IF(AND(A15>=Inputs!$F$18,A15<=Inputs!$G$18),Inputs!$I$18,0)) -> 0 | J15: =IF(A15=0,Inputs!$E$19,IF(AND(A15>=Inputs!$F$19,A15<=Inputs!$G$19),Inputs!$I$19,0)) -> 0 | K15: =IF(A15=0,Inputs!$E$20,IF(AND(A15>=Inputs!$F$20,A15<=Inputs!$G$20),Inputs!$I$20,0)) -> 0 | L15: =IF(A15=0,Inputs!$E$21,IF(AND(A15>=Inputs!$F$21,A15<=Inputs!$G$21),Inputs!$I$21,0)) -> 0 | M15: =IF(A15=0,Inputs!$E$22,IF(AND(A15>=Inputs!$F$22,A15<=Inputs!$G$22),Inputs!$I$22,0)) -> 0 | N15: =IF(A15<Inputs!$B$9,0,IF(A15<=12,Inputs!$B$8,Inputs!$B$6*(1-Inputs!$B$7)^(INT((A15-13)/12)+1)/12)) -> 4000000 | O15: =IF(A15=0,Inputs!$E$24,IF(AND(A15>=Inputs!$F$24,A15<=Inputs!$G$24),Inputs!$I$24,0)) -> 500000 | P15: =IF(A15=0,Inputs!$E$25,IF(AND(A15>=Inputs!$F$25,A15<=Inputs!$G$25),Inputs!$I$25,0)) -> 1666666.7 | Q15: =IF(A15=0,Inputs!$E$26,IF(AND(A15>=Inputs!$F$26,A15<=Inputs!$G$26),Inputs!$I$26,0)) -> 0 | R15: =IF(A15=0,Inputs!$E$27,IF(AND(A15>=Inputs!$F$27,A15<=Inputs!$G$27),Inputs!$I$27,0)) -> 0 | S15: =IF(A15=0,Inputs!$E$28,IF(AND(A15>=Inputs!$F$28,A15<=Inputs!$G$28),Inputs!$I$28,0)) -> 0 | T15: =IF(A15=0,Inputs!$E$29,IF(AND(A15>=Inputs!$F$29,A15<=Inputs!$G$29),Inputs!$I$29,0)) -> 0 | U15: =SUM(C15:T15) -> 6166666.7 | V15: =V14+U15 -> 1.0466667e+08 | W15: =V15/Inputs!$B$4 -> 0.10466667
A16: 11 | B16: =EDATE(Inputs!$B$5,A16) -> 46757 | C16: =IF(A16=0,Inputs!$E$12,IF(AND(A16>=Inputs!$F$12,A16<=Inputs!$G$12),Inputs!$I$12,0)) -> 0 | D16: =IF(A16=0,Inputs!$E$13,IF(AND(A16>=Inputs!$F$13,A16<=Inputs!$G$13),Inputs!$I$13,0)) -> 0 | E16: =IF(A16=0,Inputs!$E$14,IF(AND(A16>=Inputs!$F$14,A16<=Inputs!$G$14),Inputs!$I$14,0)) -> 0 | F16: =IF(A16=0,Inputs!$E$15,IF(AND(A16>=Inputs!$F$15,A16<=Inputs!$G$15),Inputs!$I$15,0)) -> 0 | G16: =IF(A16=0,Inputs!$E$16,IF(AND(A16>=Inputs!$F$16,A16<=Inputs!$G$16),Inputs!$I$16,0)) -> 0 | H16: =IF(A16=0,Inputs!$E$17,IF(AND(A16>=Inputs!$F$17,A16<=Inputs!$G$17),Inputs!$I$17,0)) -> 0 | I16: =IF(A16=0,Inputs!$E$18,IF(AND(A16>=Inputs!$F$18,A16<=Inputs!$G$18),Inputs!$I$18,0)) -> 0 | J16: =IF(A16=0,Inputs!$E$19,IF(AND(A16>=Inputs!$F$19,A16<=Inputs!$G$19),Inputs!$I$19,0)) -> 0 | K16: =IF(A16=0,Inputs!$E$20,IF(AND(A16>=Inputs!$F$20,A16<=Inputs!$G$20),Inputs!$I$20,0)) -> 0 | L16: =IF(A16=0,Inputs!$E$21,IF(AND(A16>=Inputs!$F$21,A16<=Inputs!$G$21),Inputs!$I$21,0)) -> 0 | M16: =IF(A16=0,Inputs!$E$22,IF(AND(A16>=Inputs!$F$22,A16<=Inputs!$G$22),Inputs!$I$22,0)) -> 0 | N16: =IF(A16<Inputs!$B$9,0,IF(A16<=12,Inputs!$B$8,Inputs!$B$6*(1-Inputs!$B$7)^(INT((A16-13)/12)+1)/12)) -> 4000000 | O16: =IF(A16=0,Inputs!$E$24,IF(AND(A16>=Inputs!$F$24,A16<=Inputs!$G$24),Inputs!$I$24,0)) -> 500000 | P16: =IF(A16=0,Inputs!$E$25,IF(AND(A16>=Inputs!$F$25,A16<=Inputs!$G$25),Inputs!$I$25,0)) -> 1666666.7 | Q16: =IF(A16=0,Inputs!$E$26,IF(AND(A16>=Inputs!$F$26,A16<=Inputs!$G$26),Inputs!$I$26,0)) -> 0 | R16: =IF(A16=0,Inputs!$E$27,IF(AND(A16>=Inputs!$F$27,A16<=Inputs!$G$27),Inputs!$I$27,0)) -> 0 | S16: =IF(A16=0,Inputs!$E$28,IF(AND(A16>=Inputs!$F$28,A16<=Inputs!$G$28),Inputs!$I$28,0)) -> 0 | T16: =IF(A16=0,Inputs!$E$29,IF(AND(A16>=Inputs!$F$29,A16<=Inputs!$G$29),Inputs!$I$29,0)) -> 0 | U16: =SUM(C16:T16) -> 6166666.7 | V16: =V15+U16 -> 1.1083333e+08 | W16: =V16/Inputs!$B$4 -> 0.11083333
A17: 12 | B17: =EDATE(Inputs!$B$5,A17) -> 46788 | C17: =IF(A17=0,Inputs!$E$12,IF(AND(A17>=Inputs!$F$12,A17<=Inputs!$G$12),Inputs!$I$12,0)) -> 0 | D17: =IF(A17=0,Inputs!$E$13,IF(AND(A17>=Inputs!$F$13,A17<=Inputs!$G$13),Inputs!$I$13,0)) -> 0 | E17: =IF(A17=0,Inputs!$E$14,IF(AND(A17>=Inputs!$F$14,A17<=Inputs!$G$14),Inputs!$I$14,0)) -> 0 | F17: =IF(A17=0,Inputs!$E$15,IF(AND(A17>=Inputs!$F$15,A17<=Inputs!$G$15),Inputs!$I$15,0)) -> 0 | G17: =IF(A17=0,Inputs!$E$16,IF(AND(A17>=Inputs!$F$16,A17<=Inputs!$G$16),Inputs!$I$16,0)) -> 0 | H17: =IF(A17=0,Inputs!$E$17,IF(AND(A17>=Inputs!$F$17,A17<=Inputs!$G$17),Inputs!$I$17,0)) -> 0 | I17: =IF(A17=0,Inputs!$E$18,IF(AND(A17>=Inputs!$F$18,A17<=Inputs!$G$18),Inputs!$I$18,0)) -> 0 | J17: =IF(A17=0,Inputs!$E$19,IF(AND(A17>=Inputs!$F$19,A17<=Inputs!$G$19),Inputs!$I$19,0)) -> 0 | K17: =IF(A17=0,Inputs!$E$20,IF(AND(A17>=Inputs!$F$20,A17<=Inputs!$G$20),Inputs!$I$20,0)) -> 0 | L17: =IF(A17=0,Inputs!$E$21,IF(AND(A17>=Inputs!$F$21,A17<=Inputs!$G$21),Inputs!$I$21,0)) -> 0 | M17: =IF(A17=0,Inputs!$E$22,IF(AND(A17>=Inputs!$F$22,A17<=Inputs!$G$22),Inputs!$I$22,0)) -> 0 | N17: =IF(A17<Inputs!$B$9,0,IF(A17<=12,Inputs!$B$8,Inputs!$B$6*(1-Inputs!$B$7)^(INT((A17-13)/12)+1)/12)) -> 4000000 | O17: =IF(A17=0,Inputs!$E$24,IF(AND(A17>=Inputs!$F$24,A17<=Inputs!$G$24),Inputs!$I$24,0)) -> 500000 | P17: =IF(A17=0,Inputs!$E$25,IF(AND(A17>=Inputs!$F$25,A17<=Inputs!$G$25),Inputs!$I$25,0)) -> 1666666.7 | Q17: =IF(A17=0,Inputs!$E$26,IF(AND(A17>=Inputs!$F$26,A17<=Inputs!$G$26),Inputs!$I$26,0)) -> 0 | R17: =IF(A17=0,Inputs!$E$27,IF(AND(A17>=Inputs!$F$27,A17<=Inputs!$G$27),Inputs!$I$27,0)) -> 0 | S17: =IF(A17=0,Inputs!$E$28,IF(AND(A17>=Inputs!$F$28,A17<=Inputs!$G$28),Inputs!$I$28,0)) -> 0 | T17: =IF(A17=0,Inputs!$E$29,IF(AND(A17>=Inputs!$F$29,A17<=Inputs!$G$29),Inputs!$I$29,0)) -> 0 | U17: =SUM(C17:T17) -> 6166666.7 | V17: =V16+U17 -> 117000000 | W17: =V17/Inputs!$B$4 -> 0.117
... A89: 84 | B89: =EDATE(Inputs!$B$5,A89) -> 48980 | C89: =IF(A89=0,Inputs!$E$12,IF(AND(A89>=Inputs!$F$12,A89<=Inputs!$G$12),Inputs!$I$12,0)) -> 0 | D89: =IF(A89=0,Inputs!$E$13,IF(AND(A89>=Inputs!$F$13,A89<=Inputs!$G$13),Inputs!$I$13,0)) -> 0 | E89: =IF(A89=0,Inputs!$E$14,IF(AND(A89>=Inputs!$F$14,A89<=Inputs!$G$14),Inputs!$I$14,0)) -> 0 | F89: =IF(A89=0,Inputs!$E$15,IF(AND(A89>=Inputs!$F$15,A89<=Inputs!$G$15),Inputs!$I$15,0)) -> 0 | G89: =IF(A89=0,Inputs!$E$16,IF(AND(A89>=Inputs!$F$16,A89<=Inputs!$G$16),Inputs!$I$16,0)) -> 0 | H89: =IF(A89=0,Inputs!$E$17,IF(AND(A89>=Inputs!$F$17,A89<=Inputs!$G$17),Inputs!$I$17,0)) -> 0 | I89: =IF(A89=0,Inputs!$E$18,IF(AND(A89>=Inputs!$F$18,A89<=Inputs!$G$18),Inputs!$I$18,0)) -> 0 | J89: =IF(A89=0,Inputs!$E$19,IF(AND(A89>=Inputs!$F$19,A89<=Inputs!$G$19),Inputs!$I$19,0)) -> 0 | K89: =IF(A89=0,Inputs!$E$20,IF(AND(A89>=Inputs!$F$20,A89<=Inputs!$G$20),Inputs!$I$20,0)) -> 0 | L89: =IF(A89=0,Inputs!$E$21,IF(AND(A89>=Inputs!$F$21,A89<=Inputs!$G$21),Inputs!$I$21,0)) -> 0 | M89: =IF(A89=0,Inputs!$E$22,IF(AND(A89>=Inputs!$F$22,A89<=Inputs!$G$22),Inputs!$I$22,0)) -> 0 | N89: =IF(A89<Inputs!$B$9,0,IF(A89<=12,Inputs!$B$8,Inputs!$B$6*(1-Inputs!$B$7)^(INT((A89-13)/12)+1)/12)) -> 1508598.1 | O89: =IF(A89=0,Inputs!$E$24,IF(AND(A89>=Inputs!$F$24,A89<=Inputs!$G$24),Inputs!$I$24,0)) -> 0 | P89: =IF(A89=0,Inputs!$E$25,IF(AND(A89>=Inputs!$F$25,A89<=Inputs!$G$25),Inputs!$I$25,0)) -> 0 | Q89: =IF(A89=0,Inputs!$E$26,IF(AND(A89>=Inputs!$F$26,A89<=Inputs!$G$26),Inputs!$I$26,0)) -> 0 | R89: =IF(A89=0,Inputs!$E$27,IF(AND(A89>=Inputs!$F$27,A89<=Inputs!$G$27),Inputs!$I$27,0)) -> 0 | S89: =IF(A89=0,Inputs!$E$28,IF(AND(A89>=Inputs!$F$28,A89<=Inputs!$G$28),Inputs!$I$28,0)) -> 0 | T89: =IF(A89=0,Inputs!$E$29,IF(AND(A89>=Inputs!$F$29,A89<=Inputs!$G$29),Inputs!$I$29,0)) -> 0 | U89: =SUM(C89:T89) -> 1508598.1 | V89: =V88+U89 -> 7.2041533e+08 | W89: =V89/Inputs!$B$4 -> 0.72041533
A90: Total T+0 to T+84 | C90: =SUM(C5:C89) -> 10331395 | D90: =SUM(D5:D89) -> 27309255 | E90: =SUM(E5:E89) -> 16385554 | F90: =SUM(F5:F89) -> 10923703 | G90: =SUM(G5:G89) -> 10923703 | H90: =SUM(H5:H89) -> 10923703 | I90: =SUM(I5:I89) -> 10923703 | J90: =SUM(J5:J89) -> 2278984 | ... U90: =SUM(U5:U89) -> 7.2041533e+08
A91: Emissions remainder beyond T+84 (ceiling, not scheduled) | N91: =Inputs!D23-N90 -> 2.7958467e+08

Sheet Cumulative
A1: Cumulative unlocked by pocket, T+0 to T+84
A4: Month | B4: Date | C4: Pre-seed (Brandon Torres Declet) | D4: Seed (LD Capital) | E4: Seed (Cogitent Ventures) | F4: Seed (Leland Ventures) | G4: Seed (M77 Ventures) | H4: Seed (Block Maven LLC) | I4: Seed (Covey) | J4: KOL round (T-Rex, K1, Nebula) | K4: New round, main close | L4: New round, top-up close | M4: KOLpad allocations (KOLs and Mindo commission) | N4: Mining and validator emissions | O4: Marketing and exchanges | P4: Treasury and reserves | Q4: Foundation | R4: Team and advisors | S4: Liquidity / market making | T4: Community airdrop | U4: Circulating (cumulative) | V4: Circulating % of supply
A5: 0 | B5: =Grid!B5 -> 46423 | C5: =Grid!C5 -> 0 | D5: =Grid!D5 -> 0 | E5: =Grid!E5 -> 0 | F5: =Grid!F5 -> 0 | G5: =Grid!G5 -> 0 | H5: =Grid!H5 -> 0 | I5: =Grid!I5 -> 0 | ... T5: =Grid!T5 -> 5000000 | U5: =SUM(C5:T5) -> 53000000 | V5: =U5/Inputs!$B$4 -> 0.053
A6: 1 | B6: =Grid!B6 -> 46451 | C6: =C5+Grid!C6 -> 0 | D6: =D5+Grid!D6 -> 0 | E6: =E5+Grid!E6 -> 0 | F6: =F5+Grid!F6 -> 0 | G6: =G5+Grid!G6 -> 0 | H6: =H5+Grid!H6 -> 0 | I6: =I5+Grid!I6 -> 0 | J6: =J5+Grid!J6 -> 0 | ... T6: =T5+Grid!T6 -> 5000000 | U6: =SUM(C6:T6) -> 59500000 | V6: =U6/Inputs!$B$4 -> 0.0595
A7: 2 | B7: =Grid!B7 -> 46482 | C7: =C6+Grid!C7 -> 0 | D7: =D6+Grid!D7 -> 0 | E7: =E6+Grid!E7 -> 0 | F7: =F6+Grid!F7 -> 0 | G7: =G6+Grid!G7 -> 0 | H7: =H6+Grid!H7 -> 0 | I7: =I6+Grid!I7 -> 0 | J7: =J6+Grid!J7 -> 0 | ... T7: =T6+Grid!T7 -> 5000000 | U7: =SUM(C7:T7) -> 66000000 | V7: =U7/Inputs!$B$4 -> 0.066
A8: 3 | B8: =Grid!B8 -> 46512 | C8: =C7+Grid!C8 -> 0 | D8: =D7+Grid!D8 -> 0 | E8: =E7+Grid!E8 -> 0 | F8: =F7+Grid!F8 -> 0 | G8: =G7+Grid!G8 -> 0 | H8: =H7+Grid!H8 -> 0 | I8: =I7+Grid!I8 -> 0 | J8: =J7+Grid!J8 -> 0 | ... T8: =T7+Grid!T8 -> 5000000 | U8: =SUM(C8:T8) -> 66500000 | V8: =U8/Inputs!$B$4 -> 0.0665
A9: 4 | B9: =Grid!B9 -> 46543 | C9: =C8+Grid!C9 -> 0 | D9: =D8+Grid!D9 -> 0 | E9: =E8+Grid!E9 -> 0 | F9: =F8+Grid!F9 -> 0 | G9: =G8+Grid!G9 -> 0 | H9: =H8+Grid!H9 -> 0 | I9: =I8+Grid!I9 -> 0 | J9: =J8+Grid!J9 -> 0 | ... T9: =T8+Grid!T9 -> 5000000 | U9: =SUM(C9:T9) -> 71000000 | V9: =U9/Inputs!$B$4 -> 0.071
A10: 5 | B10: =Grid!B10 -> 46573 | C10: =C9+Grid!C10 -> 0 | D10: =D9+Grid!D10 -> 0 | E10: =E9+Grid!E10 -> 0 | F10: =F9+Grid!F10 -> 0 | G10: =G9+Grid!G10 -> 0 | H10: =H9+Grid!H10 -> 0 | I10: =I9+Grid!I10 -> 0 | J10: =J9+Grid!J10 -> 0 | ... T10: =T9+Grid!T10 -> 5000000 | U10: =SUM(C10:T10) -> 75500000 | V10: =U10/Inputs!$B$4 -> 0.0755
A11: 6 | B11: =Grid!B11 -> 46604 | C11: =C10+Grid!C11 -> 0 | D11: =D10+Grid!D11 -> 0 | E11: =E10+Grid!E11 -> 0 | F11: =F10+Grid!F11 -> 0 | G11: =G10+Grid!G11 -> 0 | H11: =H10+Grid!H11 -> 0 | I11: =I10+Grid!I11 -> 0 | J11: =J10+Grid!J11 -> 0 | ... T11: =T10+Grid!T11 -> 5000000 | U11: =SUM(C11:T11) -> 80000000 | V11: =U11/Inputs!$B$4 -> 0.08
A12: 7 | B12: =Grid!B12 -> 46635 | C12: =C11+Grid!C12 -> 0 | D12: =D11+Grid!D12 -> 0 | E12: =E11+Grid!E12 -> 0 | F12: =F11+Grid!F12 -> 0 | G12: =G11+Grid!G12 -> 0 | H12: =H11+Grid!H12 -> 0 | I12: =I11+Grid!I12 -> 0 | J12: =J11+Grid!J12 -> 0 | ... T12: =T11+Grid!T12 -> 5000000 | U12: =SUM(C12:T12) -> 86166667 | V12: =U12/Inputs!$B$4 -> 0.086166667
A13: 8 | B13: =Grid!B13 -> 46665 | C13: =C12+Grid!C13 -> 0 | D13: =D12+Grid!D13 -> 0 | E13: =E12+Grid!E13 -> 0 | F13: =F12+Grid!F13 -> 0 | G13: =G12+Grid!G13 -> 0 | H13: =H12+Grid!H13 -> 0 | I13: =I12+Grid!I13 -> 0 | J13: =J12+Grid!J13 -> 0 | ... T13: =T12+Grid!T13 -> 5000000 | U13: =SUM(C13:T13) -> 92333333 | V13: =U13/Inputs!$B$4 -> 0.092333333
A14: 9 | B14: =Grid!B14 -> 46696 | C14: =C13+Grid!C14 -> 0 | D14: =D13+Grid!D14 -> 0 | E14: =E13+Grid!E14 -> 0 | F14: =F13+Grid!F14 -> 0 | G14: =G13+Grid!G14 -> 0 | H14: =H13+Grid!H14 -> 0 | I14: =I13+Grid!I14 -> 0 | J14: =J13+Grid!J14 -> 0 | ... T14: =T13+Grid!T14 -> 5000000 | U14: =SUM(C14:T14) -> 98500000 | V14: =U14/Inputs!$B$4 -> 0.0985
A15: 10 | B15: =Grid!B15 -> 46726 | C15: =C14+Grid!C15 -> 0 | D15: =D14+Grid!D15 -> 0 | E15: =E14+Grid!E15 -> 0 | F15: =F14+Grid!F15 -> 0 | G15: =G14+Grid!G15 -> 0 | H15: =H14+Grid!H15 -> 0 | I15: =I14+Grid!I15 -> 0 | J15: =J14+Grid!J15 -> 0 | ... T15: =T14+Grid!T15 -> 5000000 | U15: =SUM(C15:T15) -> 1.0466667e+08 | V15: =U15/Inputs!$B$4 -> 0.10466667
A16: 11 | B16: =Grid!B16 -> 46757 | C16: =C15+Grid!C16 -> 0 | D16: =D15+Grid!D16 -> 0 | E16: =E15+Grid!E16 -> 0 | F16: =F15+Grid!F16 -> 0 | G16: =G15+Grid!G16 -> 0 | H16: =H15+Grid!H16 -> 0 | I16: =I15+Grid!I16 -> 0 | J16: =J15+Grid!J16 -> 0 | ... T16: =T15+Grid!T16 -> 5000000 | U16: =SUM(C16:T16) -> 1.1083333e+08 | V16: =U16/Inputs!$B$4 -> 0.11083333
A17: 12 | B17: =Grid!B17 -> 46788 | C17: =C16+Grid!C17 -> 0 | D17: =D16+Grid!D17 -> 0 | E17: =E16+Grid!E17 -> 0 | F17: =F16+Grid!F17 -> 0 | G17: =G16+Grid!G17 -> 0 | H17: =H16+Grid!H17 -> 0 | I17: =I16+Grid!I17 -> 0 | J17: =J16+Grid!J17 -> 0 | ... T17: =T16+Grid!T17 -> 5000000 | U17: =SUM(C17:T17) -> 117000000 | V17: =U17/Inputs!$B$4 -> 0.117
... A89: 84 | B89: =Grid!B89 -> 48980 | C89: =C88+Grid!C89 -> 10331395 | D89: =D88+Grid!D89 -> 27309255 | E89: =E88+Grid!E89 -> 16385554 | F89: =F88+Grid!F89 -> 10923703 | G89: =G88+Grid!G89 -> 10923703 | H89: =H88+Grid!H89 -> 10923703 | I89: =I88+Grid!I89 -> 10923703 | J89: =J88+Grid!J89 -> 2278984 | ... T89: =T88+Grid!T89 -> 5000000 | U89: =SUM(C89:T89) -> 7.2041533e+08 | V89: =U89/Inputs!$B$4 -> 0.72041533

Sheet Check
A1: Check against the schedule circulating supply
A2: Schedule values are the cumulative circulating figures of the Token Release Schedule. Difference must be below 1 KNX.
A4: Month | B4: Grid circulating (formula) | C4: Schedule circulating | D4: Absolute difference | E4: Within 1 KNX
A5: 0 | B5: =INDEX(Grid!$V$5:$V$89,A5+1) -> 53000000 | C5: 53000000 | D5: =ABS(B5-C5) -> 0 | E5: =D5<1 -> TRUE
A6: 12 | B6: =INDEX(Grid!$V$5:$V$89,A6+1) -> 117000000 | C6: 117000000 | D6: =ABS(B6-C6) -> 0 | E6: =D6<1 -> TRUE
A7: 24 | B7: =INDEX(Grid!$V$5:$V$89,A7+1) -> 348300000 | C7: 348300000 | D7: =ABS(B7-C7) -> 0 | E7: =D7<1 -> TRUE
A8: 36 | B8: =INDEX(Grid!$V$5:$V$89,A8+1) -> 572480000 | C8: 572480000 | D8: =ABS(B8-C8) -> 0 | E8: =D8<1 -> TRUE
A9: 48 | B9: =INDEX(Grid!$V$5:$V$89,A9+1) -> 6.30958e+08 | C9: 6.30958e+08 | D9: =ABS(B9-C9) -> 0 | E9: =D9<1 -> TRUE
A10: 60 | B10: =INDEX(Grid!$V$5:$V$89,A10+1) -> 6.810143e+08 | C10: 6.810143e+08 | D10: =ABS(B10-C10) -> 0 | E10: =D10<1 -> TRUE
A11: 84 | B11: =INDEX(Grid!$V$5:$V$89,A11+1) -> 7.2041533e+08 | C11: 7.2041533e+08 | D11: =ABS(B11-C11) -> 0 | E11: =D11<1 -> TRUE
A13: Per-pocket totals T+0 to T+84 against the schedule (emissions compared net of the beyond-T+84 remainder)
A14: Pocket | B14: Grid total (formula) | C14: Scheduled through T+84 | D14: Absolute difference | E14: Within 1 KNX
A15: Pre-seed (Brandon Torres Declet) | B15: =Grid!C90 -> 10331395 | C15: 10331395 | D15: =ABS(B15-C15) -> 0 | E15: =D15<1 -> TRUE
A16: Seed (LD Capital) | B16: =Grid!D90 -> 27309255 | C16: 27309255 | D16: =ABS(B16-C16) -> 0 | E16: =D16<1 -> TRUE
A17: Seed (Cogitent Ventures) | B17: =Grid!E90 -> 16385554 | C17: 16385554 | D17: =ABS(B17-C17) -> 0 | E17: =D17<1 -> TRUE
A18: Seed (Leland Ventures) | B18: =Grid!F90 -> 10923703 | C18: 10923703 | D18: =ABS(B18-C18) -> 0 | E18: =D18<1 -> TRUE
A19: Seed (M77 Ventures) | B19: =Grid!G90 -> 10923703 | C19: 10923703 | D19: =ABS(B19-C19) -> 0 | E19: =D19<1 -> TRUE
A20: Seed (Block Maven LLC) | B20: =Grid!H90 -> 10923703 | C20: 10923703 | D20: =ABS(B20-C20) -> 0 | E20: =D20<1 -> TRUE
A21: Seed (Covey) | B21: =Grid!I90 -> 10923703 | C21: 10923703 | D21: =ABS(B21-C21) -> 0 | E21: =D21<1 -> TRUE
A22: KOL round (T-Rex, K1, Nebula) | B22: =Grid!J90 -> 2278984 | C22: 2278984 | D22: =ABS(B22-C22) -> 0 | E22: =D22<1 -> TRUE
A23: New round, main close | B23: =Grid!K90 -> 175000000 | C23: 175000000 | D23: =ABS(B23-C23) -> 0 | E23: =D23<1 -> TRUE
A24: New round, top-up close | B24: =Grid!L90 -> 20000000 | C24: 20000000 | D24: =ABS(B24-C24) -> 0 | E24: =D24<1 -> TRUE
A25: KOLpad allocations (KOLs and Mindo commission) | B25: =Grid!M90 -> 15000000 | C25: 15000000 | D25: =ABS(B25-C25) -> 0 | E25: =D25<1 -> TRUE
A26: Mining and validator emissions | B26: =Grid!N90 -> 2.0541533e+08 | C26: 2.0541533e+08 | D26: =ABS(B26-C26) -> 0 | E26: =D26<1 -> TRUE
A27: Marketing and exchanges | B27: =Grid!O90 -> 50000000 | C27: 50000000 | D27: =ABS(B27-C27) -> 0 | E27: =D27<1 -> TRUE
A28: Treasury and reserves | B28: =Grid!P90 -> 50000000 | C28: 50000000 | D28: =ABS(B28-C28) -> 0 | E28: =D28<1 -> TRUE
A29: Foundation | B29: =Grid!Q90 -> 40000000 | C29: 40000000 | D29: =ABS(B29-C29) -> 0 | E29: =D29<1 -> TRUE
A30: Team and advisors | B30: =Grid!R90 -> 50000000 | C30: 50000000 | D30: =ABS(B30-C30) -> 0 | E30: =D30<1 -> TRUE
A31: Liquidity / market making | B31: =Grid!S90 -> 10000000 | C31: 10000000 | D31: =ABS(B31-C31) -> 0 | E31: =D31<1 -> TRUE
A32: Community airdrop | B32: =Grid!T90 -> 5000000 | C32: 5000000 | D32: =ABS(B32-C32) -> 0 | E32: =D32<1 -> TRUE

Sheet Notes
A1: Notes on conventions
A3: Month T+0 is the TGE working date (5 February 2027, target Q1 2027); tokens vest on the 5th of each month.
A4: Legacy investors (pre-seed, seed, KOL round): 0% at TGE, linear T+13 to T+60 (48 months), 2,083,333.33 KNX per month in total.
A5: New round: main close 175,000,000 KNX at USD 0.16 and top-up close 20,000,000 KNX at USD 0.20, both 0% at TGE and linear T+13 to T+36 (24 months), 8,125,000 KNX per month together.
A6: KOLpad allocations: 15,000,000 KNX at the USD 0.20 reference (KOLs and the Mindo commission), 3,000,000 at TGE and 6,000,000 at each of T+1 and T+2. The count is fixed at listing from the TGE valuation.
A7: Emissions: 4,000,000 KNX per month from T+4 to T+12 (36,000,000 in the first year against a 48,000,000 cap); from T+13 the annual cap steps down 15% every twelve months and is released at cap/12 per month. Through T+84 this schedules 205,415,331.75 KNX; the remaining 279,584,668.25 KNX of the 485,000,000 pocket is a ceiling beyond T+84, not scheduled supply.
A8: Marketing and exchanges: 35,000,000 KNX at T+0 itemized to listing and liquidity obligations, then 15,000,000 over T+1 to T+30 (500,000 per month).
A9: Treasury and reserves: nothing at T+0, 50,000,000 over T+7 to T+36 (1,666,666.67 per month). Foundation: nothing at T+0, 40,000,000 over T+13 to T+36 (1,666,666.67 per month).
A10: Team and advisors: 2,000,000 KNX per month over T+14 to T+38 (25 months), nothing at T+13.
A11: Liquidity / market making: 10,000,000 KNX at T+0 as a returnable market-maker loan. Community airdrop: 5,000,000 KNX at T+0.
A12: All monthly amounts are formulas from the Inputs sheet; the Check sheet compares the formula output with the schedule circulating figures at T+0, T+12, T+24, T+36, T+48, T+60 and T+84 and every pocket total through T+84.
