Workbook

Sheet Inputs
A1: Inputs: V_04 pocket totals and vesting parameters
A2: Source: TRS V_04 (17 September 2026), sheet TRS V_04. Month index T+0 is the TGE working date, 15 September 2027; vesting day is the 15th.
A4: Total supply (KNX) | B4: 1000000000
A5: TGE working date | B5: 46645
A6: Emissions cap, year 1 (KNX) | B6: 48000000
A7: Emissions cap step-down per year | B7: 0.15
A8: Emissions monthly release in year 1 (KNX, T+4 to T+12) | B8: =B6/12 -> 4000000
A9: Emissions start month | B9: 4
A11: Pocket key | B11: Pocket | C11: Group | D11: Total KNX | E11: Unlocked at TGE (KNX) | F11: Linear start month | G11: Linear end month | H11: Months | I11: Monthly amount (KNX) | J11: Vesting as stated in V_04
A12: saft_0 | B12: Pre-seed (Brandon Torres Declet) | C12: Legacy investors | D12: 10331395 | E12: 0 | F12: 13 | G12: 60 | H12: =G12-F12+1 -> 48 | I12: =(D12-E12)/H12 -> 215237.4 | J12: (1.03%): 0% TGE, 1Y cliff, 48M linear (T+13-T+60). Post-restructure.
A13: saft1 | B13: Seed (LD Capital) | C13: Legacy investors | D13: 27309256 | E13: 0 | F13: 13 | G13: 60 | H13: =G13-F13+1 -> 48 | I13: =(D13-E13)/H13 -> 568942.84 | J13: (2.73%): 0% TGE, 1Y cliff, 48M linear (T+13-T+60). Post-restructure.
A14: saft_2 | B14: Seed (Cogitent Ventures) | C14: Legacy investors | D14: 16385554 | E14: 0 | F14: 13 | G14: 60 | H14: =G14-F14+1 -> 48 | I14: =(D14-E14)/H14 -> 341365.71 | J14: (1.64%): 0% TGE, 1Y cliff, 48M linear (T+13-T+60). Post-restructure.
A15: saft_3 | B15: Seed (Leland Ventures) | C15: Legacy investors | D15: 10923703 | E15: 0 | F15: 13 | G15: 60 | H15: =G15-F15+1 -> 48 | I15: =(D15-E15)/H15 -> 227577.14 | J15: (1.09%): 0% TGE, 1Y cliff, 48M linear (T+13-T+60). Post-restructure.
A16: saft_4 | B16: Seed (M77 Ventures) | C16: Legacy investors | D16: 10923703 | E16: 0 | F16: 13 | G16: 60 | H16: =G16-F16+1 -> 48 | I16: =(D16-E16)/H16 -> 227577.14 | J16: (1.09%): 0% TGE, 1Y cliff, 48M linear (T+13-T+60). Post-restructure.
A17: saft_5 | B17: Seed (Block Maven LLC) | C17: Legacy investors | D17: 10923703 | E17: 0 | F17: 13 | G17: 60 | H17: =G17-F17+1 -> 48 | I17: =(D17-E17)/H17 -> 227577.14 | J17: (1.09%): 0% TGE, 1Y cliff, 48M linear (T+13-T+60). Post-restructure.
A18: saft_6 | B18: Seed (Covey) | C18: Legacy investors | D18: 10923703 | E18: 0 | F18: 13 | G18: 60 | H18: =G18-F18+1 -> 48 | I18: =(D18-E18)/H18 -> 227577.14 | J18: (1.09%): 0% TGE, 1Y cliff, 48M linear (T+13-T+60). Post-restructure.
A19: kol_round_tokens_sent_to_mkt_agencies | B19: KOL round | C19: Legacy investors | D19: 2278984.2 | E19: 0 | F19: 13 | G19: 60 | H19: =G19-F19+1 -> 48 | I19: =(D19-E19)/H19 -> 47478.838 | J19: (0.23%): 0% TGE, 1Y cliff, 48M linear (T+13-T+60). Post-restructure.
A20: new_round | B20: New round | C20: New round | D20: 200000000 | E20: 0 | F20: 13 | G20: 36 | H20: =G20-F20+1 -> 24 | I20: =(D20-E20)/H20 -> 8333333.3 | J20: (20.00%): 0% TGE, 1Y cliff, 24M linear (T+13-T+36).
A21: mining_validator_emissions_development | B21: Mining and validator emissions | C21: Emissions | D21: 430000000 | E21: 0 | F21: 4 | G21: cap | H21: cap | I21: see rows 6 to 9 | J21: Declining annual cap: 48M in Yr1, stepping down 15%/yr; actual issuance = lesser of the cap and a usage-linked formula (KNX per verified attested task, halving annually). Starts T+4.
A22: marketing | B22: Marketing and exchanges | C22: Marketing | D22: 95000000 | E22: 40000000 | F22: 1 | G22: 30 | H22: =G22-F22+1 -> 30 | I22: =(D22-E22)/H22 -> 1833333.3 | J22: (9.50%): 40M unlocked at TGE (itemised against listing & liquidity obligations); 55M linear T+1-T+30.
A23: treasury_and_reserves | B23: Treasury and reserves | C23: Treasury | D23: 50000000 | E23: 1000000 | F23: 7 | G23: 36 | H23: =G23-F23+1 -> 30 | I23: =(D23-E23)/H23 -> 1633333.3 | J23: (5.00%): 2% TGE, 6M cliff on remainder, 2.5Y linear monthly vesting (M7 to M36)
A24: foundation | B24: Foundation | C24: Foundation | D24: 40000000 | E24: 1000000 | F24: 13 | G24: 36 | H24: =G24-F24+1 -> 24 | I24: =(D24-E24)/H24 -> 1625000 | J24: (4.00%): 2.5% TGE, 1Y cliff on remainder, 2Y linear monthly vesting (M12 to M36)
A25: team | B25: Team and advisors | C25: Team | D25: 50000000 | E25: 0 | F25: 14 | G25: 38 | H25: =G25-F25+1 -> 25 | I25: =(D25-E25)/H25 -> 2000000 | J25: (5.00%): 0% TGE, 1Y cliff on remainder, 2Y linear monthly vesting (M13 to M38)
A26: liquidity_mm | B26: Liquidity / market making | C26: Liquidity | D26: 30000000 | E26: 30000000 | F26: 0 | G26: 0 | H26: 0 | I26: 0 | J26: (3.00%): Fully unlock at TGE - market-maker retainer inventory.
A27: community_airdrop | B27: Community airdrop | C27: Airdrop | D27: 5000000 | E27: 5000000 | F27: 0 | G27: 0 | H27: 0 | I27: 0 | J27: (0.50%): Fully unlock at TGE - retroactive, unconditional community airdrop.
A28: Total | D28: =SUM(D12:D27) -> 1000000000 | E28: =SUM(E12:E27) -> 77000000

Sheet Grid
A1: Monthly unlock by pocket, T+0 to T+84 (formulas driven by Inputs)
A2: Columns C onward: KNX unlocked in that month. Circulating is the running total. Beyond T+84 the emissions remainder is a ceiling under the cap, not scheduled supply.
A4: Month | B4: Date | C4: Pre-seed (Brandon Torres Declet) | D4: Seed (LD Capital) | E4: Seed (Cogitent Ventures) | F4: Seed (Leland Ventures) | G4: Seed (M77 Ventures) | H4: Seed (Block Maven LLC) | I4: Seed (Covey) | J4: KOL round | K4: New round | L4: Mining and validator emissions | M4: Marketing and exchanges | N4: Treasury and reserves | O4: Foundation | P4: Team and advisors | Q4: Liquidity / market making | R4: Community airdrop | S4: Monthly total | T4: Circulating (cumulative) | U4: Circulating % of supply
A5: 0 | B5: =EDATE(Inputs!$B$5,A5) -> 46645 | C5: =IF(A5=0,Inputs!$E$12,IF(AND(A5>=Inputs!$F$12,A5<=Inputs!$G$12),Inputs!$I$12,0)) -> 0 | D5: =IF(A5=0,Inputs!$E$13,IF(AND(A5>=Inputs!$F$13,A5<=Inputs!$G$13),Inputs!$I$13,0)) -> 0 | E5: =IF(A5=0,Inputs!$E$14,IF(AND(A5>=Inputs!$F$14,A5<=Inputs!$G$14),Inputs!$I$14,0)) -> 0 | F5: =IF(A5=0,Inputs!$E$15,IF(AND(A5>=Inputs!$F$15,A5<=Inputs!$G$15),Inputs!$I$15,0)) -> 0 | G5: =IF(A5=0,Inputs!$E$16,IF(AND(A5>=Inputs!$F$16,A5<=Inputs!$G$16),Inputs!$I$16,0)) -> 0 | H5: =IF(A5=0,Inputs!$E$17,IF(AND(A5>=Inputs!$F$17,A5<=Inputs!$G$17),Inputs!$I$17,0)) -> 0 | I5: =IF(A5=0,Inputs!$E$18,IF(AND(A5>=Inputs!$F$18,A5<=Inputs!$G$18),Inputs!$I$18,0)) -> 0 | J5: =IF(A5=0,Inputs!$E$19,IF(AND(A5>=Inputs!$F$19,A5<=Inputs!$G$19),Inputs!$I$19,0)) -> 0 | K5: =IF(A5=0,Inputs!$E$20,IF(AND(A5>=Inputs!$F$20,A5<=Inputs!$G$20),Inputs!$I$20,0)) -> 0 | L5: =IF(A5<Inputs!$B$9,0,IF(A5<=12,Inputs!$B$8,Inputs!$B$6*(1-Inputs!$B$7)^(INT((A5-13)/12)+1)/12)) -> 0 | M5: =IF(A5=0,Inputs!$E$22,IF(AND(A5>=Inputs!$F$22,A5<=Inputs!$G$22),Inputs!$I$22,0)) -> 40000000 | N5: =IF(A5=0,Inputs!$E$23,IF(AND(A5>=Inputs!$F$23,A5<=Inputs!$G$23),Inputs!$I$23,0)) -> 1000000 | O5: =IF(A5=0,Inputs!$E$24,IF(AND(A5>=Inputs!$F$24,A5<=Inputs!$G$24),Inputs!$I$24,0)) -> 1000000 | P5: =IF(A5=0,Inputs!$E$25,IF(AND(A5>=Inputs!$F$25,A5<=Inputs!$G$25),Inputs!$I$25,0)) -> 0 | Q5: =IF(A5=0,Inputs!$E$26,IF(AND(A5>=Inputs!$F$26,A5<=Inputs!$G$26),Inputs!$I$26,0)) -> 30000000 | R5: =IF(A5=0,Inputs!$E$27,IF(AND(A5>=Inputs!$F$27,A5<=Inputs!$G$27),Inputs!$I$27,0)) -> 5000000 | S5: =SUM(C5:R5) -> 77000000 | T5: =S5 -> 77000000 | U5: =T5/Inputs!$B$4 -> 0.077
A6: 1 | B6: =EDATE(Inputs!$B$5,A6) -> 46675 | C6: =IF(A6=0,Inputs!$E$12,IF(AND(A6>=Inputs!$F$12,A6<=Inputs!$G$12),Inputs!$I$12,0)) -> 0 | D6: =IF(A6=0,Inputs!$E$13,IF(AND(A6>=Inputs!$F$13,A6<=Inputs!$G$13),Inputs!$I$13,0)) -> 0 | E6: =IF(A6=0,Inputs!$E$14,IF(AND(A6>=Inputs!$F$14,A6<=Inputs!$G$14),Inputs!$I$14,0)) -> 0 | F6: =IF(A6=0,Inputs!$E$15,IF(AND(A6>=Inputs!$F$15,A6<=Inputs!$G$15),Inputs!$I$15,0)) -> 0 | G6: =IF(A6=0,Inputs!$E$16,IF(AND(A6>=Inputs!$F$16,A6<=Inputs!$G$16),Inputs!$I$16,0)) -> 0 | H6: =IF(A6=0,Inputs!$E$17,IF(AND(A6>=Inputs!$F$17,A6<=Inputs!$G$17),Inputs!$I$17,0)) -> 0 | I6: =IF(A6=0,Inputs!$E$18,IF(AND(A6>=Inputs!$F$18,A6<=Inputs!$G$18),Inputs!$I$18,0)) -> 0 | J6: =IF(A6=0,Inputs!$E$19,IF(AND(A6>=Inputs!$F$19,A6<=Inputs!$G$19),Inputs!$I$19,0)) -> 0 | K6: =IF(A6=0,Inputs!$E$20,IF(AND(A6>=Inputs!$F$20,A6<=Inputs!$G$20),Inputs!$I$20,0)) -> 0 | L6: =IF(A6<Inputs!$B$9,0,IF(A6<=12,Inputs!$B$8,Inputs!$B$6*(1-Inputs!$B$7)^(INT((A6-13)/12)+1)/12)) -> 0 | M6: =IF(A6=0,Inputs!$E$22,IF(AND(A6>=Inputs!$F$22,A6<=Inputs!$G$22),Inputs!$I$22,0)) -> 1833333.3 | N6: =IF(A6=0,Inputs!$E$23,IF(AND(A6>=Inputs!$F$23,A6<=Inputs!$G$23),Inputs!$I$23,0)) -> 0 | O6: =IF(A6=0,Inputs!$E$24,IF(AND(A6>=Inputs!$F$24,A6<=Inputs!$G$24),Inputs!$I$24,0)) -> 0 | P6: =IF(A6=0,Inputs!$E$25,IF(AND(A6>=Inputs!$F$25,A6<=Inputs!$G$25),Inputs!$I$25,0)) -> 0 | Q6: =IF(A6=0,Inputs!$E$26,IF(AND(A6>=Inputs!$F$26,A6<=Inputs!$G$26),Inputs!$I$26,0)) -> 0 | R6: =IF(A6=0,Inputs!$E$27,IF(AND(A6>=Inputs!$F$27,A6<=Inputs!$G$27),Inputs!$I$27,0)) -> 0 | S6: =SUM(C6:R6) -> 1833333.3 | T6: =T5+S6 -> 78833333 | U6: =T6/Inputs!$B$4 -> 0.078833333
A7: 2 | B7: =EDATE(Inputs!$B$5,A7) -> 46706 | C7: =IF(A7=0,Inputs!$E$12,IF(AND(A7>=Inputs!$F$12,A7<=Inputs!$G$12),Inputs!$I$12,0)) -> 0 | D7: =IF(A7=0,Inputs!$E$13,IF(AND(A7>=Inputs!$F$13,A7<=Inputs!$G$13),Inputs!$I$13,0)) -> 0 | E7: =IF(A7=0,Inputs!$E$14,IF(AND(A7>=Inputs!$F$14,A7<=Inputs!$G$14),Inputs!$I$14,0)) -> 0 | F7: =IF(A7=0,Inputs!$E$15,IF(AND(A7>=Inputs!$F$15,A7<=Inputs!$G$15),Inputs!$I$15,0)) -> 0 | G7: =IF(A7=0,Inputs!$E$16,IF(AND(A7>=Inputs!$F$16,A7<=Inputs!$G$16),Inputs!$I$16,0)) -> 0 | H7: =IF(A7=0,Inputs!$E$17,IF(AND(A7>=Inputs!$F$17,A7<=Inputs!$G$17),Inputs!$I$17,0)) -> 0 | I7: =IF(A7=0,Inputs!$E$18,IF(AND(A7>=Inputs!$F$18,A7<=Inputs!$G$18),Inputs!$I$18,0)) -> 0 | J7: =IF(A7=0,Inputs!$E$19,IF(AND(A7>=Inputs!$F$19,A7<=Inputs!$G$19),Inputs!$I$19,0)) -> 0 | K7: =IF(A7=0,Inputs!$E$20,IF(AND(A7>=Inputs!$F$20,A7<=Inputs!$G$20),Inputs!$I$20,0)) -> 0 | L7: =IF(A7<Inputs!$B$9,0,IF(A7<=12,Inputs!$B$8,Inputs!$B$6*(1-Inputs!$B$7)^(INT((A7-13)/12)+1)/12)) -> 0 | M7: =IF(A7=0,Inputs!$E$22,IF(AND(A7>=Inputs!$F$22,A7<=Inputs!$G$22),Inputs!$I$22,0)) -> 1833333.3 | N7: =IF(A7=0,Inputs!$E$23,IF(AND(A7>=Inputs!$F$23,A7<=Inputs!$G$23),Inputs!$I$23,0)) -> 0 | O7: =IF(A7=0,Inputs!$E$24,IF(AND(A7>=Inputs!$F$24,A7<=Inputs!$G$24),Inputs!$I$24,0)) -> 0 | P7: =IF(A7=0,Inputs!$E$25,IF(AND(A7>=Inputs!$F$25,A7<=Inputs!$G$25),Inputs!$I$25,0)) -> 0 | Q7: =IF(A7=0,Inputs!$E$26,IF(AND(A7>=Inputs!$F$26,A7<=Inputs!$G$26),Inputs!$I$26,0)) -> 0 | R7: =IF(A7=0,Inputs!$E$27,IF(AND(A7>=Inputs!$F$27,A7<=Inputs!$G$27),Inputs!$I$27,0)) -> 0 | S7: =SUM(C7:R7) -> 1833333.3 | T7: =T6+S7 -> 80666667 | U7: =T7/Inputs!$B$4 -> 0.080666667
A8: 3 | B8: =EDATE(Inputs!$B$5,A8) -> 46736 | C8: =IF(A8=0,Inputs!$E$12,IF(AND(A8>=Inputs!$F$12,A8<=Inputs!$G$12),Inputs!$I$12,0)) -> 0 | D8: =IF(A8=0,Inputs!$E$13,IF(AND(A8>=Inputs!$F$13,A8<=Inputs!$G$13),Inputs!$I$13,0)) -> 0 | E8: =IF(A8=0,Inputs!$E$14,IF(AND(A8>=Inputs!$F$14,A8<=Inputs!$G$14),Inputs!$I$14,0)) -> 0 | F8: =IF(A8=0,Inputs!$E$15,IF(AND(A8>=Inputs!$F$15,A8<=Inputs!$G$15),Inputs!$I$15,0)) -> 0 | G8: =IF(A8=0,Inputs!$E$16,IF(AND(A8>=Inputs!$F$16,A8<=Inputs!$G$16),Inputs!$I$16,0)) -> 0 | H8: =IF(A8=0,Inputs!$E$17,IF(AND(A8>=Inputs!$F$17,A8<=Inputs!$G$17),Inputs!$I$17,0)) -> 0 | I8: =IF(A8=0,Inputs!$E$18,IF(AND(A8>=Inputs!$F$18,A8<=Inputs!$G$18),Inputs!$I$18,0)) -> 0 | J8: =IF(A8=0,Inputs!$E$19,IF(AND(A8>=Inputs!$F$19,A8<=Inputs!$G$19),Inputs!$I$19,0)) -> 0 | K8: =IF(A8=0,Inputs!$E$20,IF(AND(A8>=Inputs!$F$20,A8<=Inputs!$G$20),Inputs!$I$20,0)) -> 0 | L8: =IF(A8<Inputs!$B$9,0,IF(A8<=12,Inputs!$B$8,Inputs!$B$6*(1-Inputs!$B$7)^(INT((A8-13)/12)+1)/12)) -> 0 | M8: =IF(A8=0,Inputs!$E$22,IF(AND(A8>=Inputs!$F$22,A8<=Inputs!$G$22),Inputs!$I$22,0)) -> 1833333.3 | N8: =IF(A8=0,Inputs!$E$23,IF(AND(A8>=Inputs!$F$23,A8<=Inputs!$G$23),Inputs!$I$23,0)) -> 0 | O8: =IF(A8=0,Inputs!$E$24,IF(AND(A8>=Inputs!$F$24,A8<=Inputs!$G$24),Inputs!$I$24,0)) -> 0 | P8: =IF(A8=0,Inputs!$E$25,IF(AND(A8>=Inputs!$F$25,A8<=Inputs!$G$25),Inputs!$I$25,0)) -> 0 | Q8: =IF(A8=0,Inputs!$E$26,IF(AND(A8>=Inputs!$F$26,A8<=Inputs!$G$26),Inputs!$I$26,0)) -> 0 | R8: =IF(A8=0,Inputs!$E$27,IF(AND(A8>=Inputs!$F$27,A8<=Inputs!$G$27),Inputs!$I$27,0)) -> 0 | S8: =SUM(C8:R8) -> 1833333.3 | T8: =T7+S8 -> 82500000 | U8: =T8/Inputs!$B$4 -> 0.0825
A9: 4 | B9: =EDATE(Inputs!$B$5,A9) -> 46767 | C9: =IF(A9=0,Inputs!$E$12,IF(AND(A9>=Inputs!$F$12,A9<=Inputs!$G$12),Inputs!$I$12,0)) -> 0 | D9: =IF(A9=0,Inputs!$E$13,IF(AND(A9>=Inputs!$F$13,A9<=Inputs!$G$13),Inputs!$I$13,0)) -> 0 | E9: =IF(A9=0,Inputs!$E$14,IF(AND(A9>=Inputs!$F$14,A9<=Inputs!$G$14),Inputs!$I$14,0)) -> 0 | F9: =IF(A9=0,Inputs!$E$15,IF(AND(A9>=Inputs!$F$15,A9<=Inputs!$G$15),Inputs!$I$15,0)) -> 0 | G9: =IF(A9=0,Inputs!$E$16,IF(AND(A9>=Inputs!$F$16,A9<=Inputs!$G$16),Inputs!$I$16,0)) -> 0 | H9: =IF(A9=0,Inputs!$E$17,IF(AND(A9>=Inputs!$F$17,A9<=Inputs!$G$17),Inputs!$I$17,0)) -> 0 | I9: =IF(A9=0,Inputs!$E$18,IF(AND(A9>=Inputs!$F$18,A9<=Inputs!$G$18),Inputs!$I$18,0)) -> 0 | J9: =IF(A9=0,Inputs!$E$19,IF(AND(A9>=Inputs!$F$19,A9<=Inputs!$G$19),Inputs!$I$19,0)) -> 0 | K9: =IF(A9=0,Inputs!$E$20,IF(AND(A9>=Inputs!$F$20,A9<=Inputs!$G$20),Inputs!$I$20,0)) -> 0 | L9: =IF(A9<Inputs!$B$9,0,IF(A9<=12,Inputs!$B$8,Inputs!$B$6*(1-Inputs!$B$7)^(INT((A9-13)/12)+1)/12)) -> 4000000 | M9: =IF(A9=0,Inputs!$E$22,IF(AND(A9>=Inputs!$F$22,A9<=Inputs!$G$22),Inputs!$I$22,0)) -> 1833333.3 | N9: =IF(A9=0,Inputs!$E$23,IF(AND(A9>=Inputs!$F$23,A9<=Inputs!$G$23),Inputs!$I$23,0)) -> 0 | O9: =IF(A9=0,Inputs!$E$24,IF(AND(A9>=Inputs!$F$24,A9<=Inputs!$G$24),Inputs!$I$24,0)) -> 0 | P9: =IF(A9=0,Inputs!$E$25,IF(AND(A9>=Inputs!$F$25,A9<=Inputs!$G$25),Inputs!$I$25,0)) -> 0 | Q9: =IF(A9=0,Inputs!$E$26,IF(AND(A9>=Inputs!$F$26,A9<=Inputs!$G$26),Inputs!$I$26,0)) -> 0 | R9: =IF(A9=0,Inputs!$E$27,IF(AND(A9>=Inputs!$F$27,A9<=Inputs!$G$27),Inputs!$I$27,0)) -> 0 | S9: =SUM(C9:R9) -> 5833333.3 | T9: =T8+S9 -> 88333333 | U9: =T9/Inputs!$B$4 -> 0.088333333
A10: 5 | B10: =EDATE(Inputs!$B$5,A10) -> 46798 | C10: =IF(A10=0,Inputs!$E$12,IF(AND(A10>=Inputs!$F$12,A10<=Inputs!$G$12),Inputs!$I$12,0)) -> 0 | D10: =IF(A10=0,Inputs!$E$13,IF(AND(A10>=Inputs!$F$13,A10<=Inputs!$G$13),Inputs!$I$13,0)) -> 0 | E10: =IF(A10=0,Inputs!$E$14,IF(AND(A10>=Inputs!$F$14,A10<=Inputs!$G$14),Inputs!$I$14,0)) -> 0 | F10: =IF(A10=0,Inputs!$E$15,IF(AND(A10>=Inputs!$F$15,A10<=Inputs!$G$15),Inputs!$I$15,0)) -> 0 | G10: =IF(A10=0,Inputs!$E$16,IF(AND(A10>=Inputs!$F$16,A10<=Inputs!$G$16),Inputs!$I$16,0)) -> 0 | H10: =IF(A10=0,Inputs!$E$17,IF(AND(A10>=Inputs!$F$17,A10<=Inputs!$G$17),Inputs!$I$17,0)) -> 0 | I10: =IF(A10=0,Inputs!$E$18,IF(AND(A10>=Inputs!$F$18,A10<=Inputs!$G$18),Inputs!$I$18,0)) -> 0 | J10: =IF(A10=0,Inputs!$E$19,IF(AND(A10>=Inputs!$F$19,A10<=Inputs!$G$19),Inputs!$I$19,0)) -> 0 | K10: =IF(A10=0,Inputs!$E$20,IF(AND(A10>=Inputs!$F$20,A10<=Inputs!$G$20),Inputs!$I$20,0)) -> 0 | L10: =IF(A10<Inputs!$B$9,0,IF(A10<=12,Inputs!$B$8,Inputs!$B$6*(1-Inputs!$B$7)^(INT((A10-13)/12)+1)/12)) -> 4000000 | M10: =IF(A10=0,Inputs!$E$22,IF(AND(A10>=Inputs!$F$22,A10<=Inputs!$G$22),Inputs!$I$22,0)) -> 1833333.3 | N10: =IF(A10=0,Inputs!$E$23,IF(AND(A10>=Inputs!$F$23,A10<=Inputs!$G$23),Inputs!$I$23,0)) -> 0 | O10: =IF(A10=0,Inputs!$E$24,IF(AND(A10>=Inputs!$F$24,A10<=Inputs!$G$24),Inputs!$I$24,0)) -> 0 | P10: =IF(A10=0,Inputs!$E$25,IF(AND(A10>=Inputs!$F$25,A10<=Inputs!$G$25),Inputs!$I$25,0)) -> 0 | Q10: =IF(A10=0,Inputs!$E$26,IF(AND(A10>=Inputs!$F$26,A10<=Inputs!$G$26),Inputs!$I$26,0)) -> 0 | R10: =IF(A10=0,Inputs!$E$27,IF(AND(A10>=Inputs!$F$27,A10<=Inputs!$G$27),Inputs!$I$27,0)) -> 0 | S10: =SUM(C10:R10) -> 5833333.3 | T10: =T9+S10 -> 94166667 | U10: =T10/Inputs!$B$4 -> 0.094166667
A11: 6 | B11: =EDATE(Inputs!$B$5,A11) -> 46827 | C11: =IF(A11=0,Inputs!$E$12,IF(AND(A11>=Inputs!$F$12,A11<=Inputs!$G$12),Inputs!$I$12,0)) -> 0 | D11: =IF(A11=0,Inputs!$E$13,IF(AND(A11>=Inputs!$F$13,A11<=Inputs!$G$13),Inputs!$I$13,0)) -> 0 | E11: =IF(A11=0,Inputs!$E$14,IF(AND(A11>=Inputs!$F$14,A11<=Inputs!$G$14),Inputs!$I$14,0)) -> 0 | F11: =IF(A11=0,Inputs!$E$15,IF(AND(A11>=Inputs!$F$15,A11<=Inputs!$G$15),Inputs!$I$15,0)) -> 0 | G11: =IF(A11=0,Inputs!$E$16,IF(AND(A11>=Inputs!$F$16,A11<=Inputs!$G$16),Inputs!$I$16,0)) -> 0 | H11: =IF(A11=0,Inputs!$E$17,IF(AND(A11>=Inputs!$F$17,A11<=Inputs!$G$17),Inputs!$I$17,0)) -> 0 | I11: =IF(A11=0,Inputs!$E$18,IF(AND(A11>=Inputs!$F$18,A11<=Inputs!$G$18),Inputs!$I$18,0)) -> 0 | J11: =IF(A11=0,Inputs!$E$19,IF(AND(A11>=Inputs!$F$19,A11<=Inputs!$G$19),Inputs!$I$19,0)) -> 0 | K11: =IF(A11=0,Inputs!$E$20,IF(AND(A11>=Inputs!$F$20,A11<=Inputs!$G$20),Inputs!$I$20,0)) -> 0 | L11: =IF(A11<Inputs!$B$9,0,IF(A11<=12,Inputs!$B$8,Inputs!$B$6*(1-Inputs!$B$7)^(INT((A11-13)/12)+1)/12)) -> 4000000 | M11: =IF(A11=0,Inputs!$E$22,IF(AND(A11>=Inputs!$F$22,A11<=Inputs!$G$22),Inputs!$I$22,0)) -> 1833333.3 | N11: =IF(A11=0,Inputs!$E$23,IF(AND(A11>=Inputs!$F$23,A11<=Inputs!$G$23),Inputs!$I$23,0)) -> 0 | O11: =IF(A11=0,Inputs!$E$24,IF(AND(A11>=Inputs!$F$24,A11<=Inputs!$G$24),Inputs!$I$24,0)) -> 0 | P11: =IF(A11=0,Inputs!$E$25,IF(AND(A11>=Inputs!$F$25,A11<=Inputs!$G$25),Inputs!$I$25,0)) -> 0 | Q11: =IF(A11=0,Inputs!$E$26,IF(AND(A11>=Inputs!$F$26,A11<=Inputs!$G$26),Inputs!$I$26,0)) -> 0 | R11: =IF(A11=0,Inputs!$E$27,IF(AND(A11>=Inputs!$F$27,A11<=Inputs!$G$27),Inputs!$I$27,0)) -> 0 | S11: =SUM(C11:R11) -> 5833333.3 | T11: =T10+S11 -> 1e+08 | U11: =T11/Inputs!$B$4 -> 0.1
A12: 7 | B12: =EDATE(Inputs!$B$5,A12) -> 46858 | C12: =IF(A12=0,Inputs!$E$12,IF(AND(A12>=Inputs!$F$12,A12<=Inputs!$G$12),Inputs!$I$12,0)) -> 0 | D12: =IF(A12=0,Inputs!$E$13,IF(AND(A12>=Inputs!$F$13,A12<=Inputs!$G$13),Inputs!$I$13,0)) -> 0 | E12: =IF(A12=0,Inputs!$E$14,IF(AND(A12>=Inputs!$F$14,A12<=Inputs!$G$14),Inputs!$I$14,0)) -> 0 | F12: =IF(A12=0,Inputs!$E$15,IF(AND(A12>=Inputs!$F$15,A12<=Inputs!$G$15),Inputs!$I$15,0)) -> 0 | G12: =IF(A12=0,Inputs!$E$16,IF(AND(A12>=Inputs!$F$16,A12<=Inputs!$G$16),Inputs!$I$16,0)) -> 0 | H12: =IF(A12=0,Inputs!$E$17,IF(AND(A12>=Inputs!$F$17,A12<=Inputs!$G$17),Inputs!$I$17,0)) -> 0 | I12: =IF(A12=0,Inputs!$E$18,IF(AND(A12>=Inputs!$F$18,A12<=Inputs!$G$18),Inputs!$I$18,0)) -> 0 | J12: =IF(A12=0,Inputs!$E$19,IF(AND(A12>=Inputs!$F$19,A12<=Inputs!$G$19),Inputs!$I$19,0)) -> 0 | K12: =IF(A12=0,Inputs!$E$20,IF(AND(A12>=Inputs!$F$20,A12<=Inputs!$G$20),Inputs!$I$20,0)) -> 0 | L12: =IF(A12<Inputs!$B$9,0,IF(A12<=12,Inputs!$B$8,Inputs!$B$6*(1-Inputs!$B$7)^(INT((A12-13)/12)+1)/12)) -> 4000000 | M12: =IF(A12=0,Inputs!$E$22,IF(AND(A12>=Inputs!$F$22,A12<=Inputs!$G$22),Inputs!$I$22,0)) -> 1833333.3 | N12: =IF(A12=0,Inputs!$E$23,IF(AND(A12>=Inputs!$F$23,A12<=Inputs!$G$23),Inputs!$I$23,0)) -> 1633333.3 | O12: =IF(A12=0,Inputs!$E$24,IF(AND(A12>=Inputs!$F$24,A12<=Inputs!$G$24),Inputs!$I$24,0)) -> 0 | P12: =IF(A12=0,Inputs!$E$25,IF(AND(A12>=Inputs!$F$25,A12<=Inputs!$G$25),Inputs!$I$25,0)) -> 0 | Q12: =IF(A12=0,Inputs!$E$26,IF(AND(A12>=Inputs!$F$26,A12<=Inputs!$G$26),Inputs!$I$26,0)) -> 0 | R12: =IF(A12=0,Inputs!$E$27,IF(AND(A12>=Inputs!$F$27,A12<=Inputs!$G$27),Inputs!$I$27,0)) -> 0 | S12: =SUM(C12:R12) -> 7466666.7 | T12: =T11+S12 -> 1.0746667e+08 | U12: =T12/Inputs!$B$4 -> 0.10746667
A13: 8 | B13: =EDATE(Inputs!$B$5,A13) -> 46888 | C13: =IF(A13=0,Inputs!$E$12,IF(AND(A13>=Inputs!$F$12,A13<=Inputs!$G$12),Inputs!$I$12,0)) -> 0 | D13: =IF(A13=0,Inputs!$E$13,IF(AND(A13>=Inputs!$F$13,A13<=Inputs!$G$13),Inputs!$I$13,0)) -> 0 | E13: =IF(A13=0,Inputs!$E$14,IF(AND(A13>=Inputs!$F$14,A13<=Inputs!$G$14),Inputs!$I$14,0)) -> 0 | F13: =IF(A13=0,Inputs!$E$15,IF(AND(A13>=Inputs!$F$15,A13<=Inputs!$G$15),Inputs!$I$15,0)) -> 0 | G13: =IF(A13=0,Inputs!$E$16,IF(AND(A13>=Inputs!$F$16,A13<=Inputs!$G$16),Inputs!$I$16,0)) -> 0 | H13: =IF(A13=0,Inputs!$E$17,IF(AND(A13>=Inputs!$F$17,A13<=Inputs!$G$17),Inputs!$I$17,0)) -> 0 | I13: =IF(A13=0,Inputs!$E$18,IF(AND(A13>=Inputs!$F$18,A13<=Inputs!$G$18),Inputs!$I$18,0)) -> 0 | J13: =IF(A13=0,Inputs!$E$19,IF(AND(A13>=Inputs!$F$19,A13<=Inputs!$G$19),Inputs!$I$19,0)) -> 0 | K13: =IF(A13=0,Inputs!$E$20,IF(AND(A13>=Inputs!$F$20,A13<=Inputs!$G$20),Inputs!$I$20,0)) -> 0 | L13: =IF(A13<Inputs!$B$9,0,IF(A13<=12,Inputs!$B$8,Inputs!$B$6*(1-Inputs!$B$7)^(INT((A13-13)/12)+1)/12)) -> 4000000 | M13: =IF(A13=0,Inputs!$E$22,IF(AND(A13>=Inputs!$F$22,A13<=Inputs!$G$22),Inputs!$I$22,0)) -> 1833333.3 | N13: =IF(A13=0,Inputs!$E$23,IF(AND(A13>=Inputs!$F$23,A13<=Inputs!$G$23),Inputs!$I$23,0)) -> 1633333.3 | O13: =IF(A13=0,Inputs!$E$24,IF(AND(A13>=Inputs!$F$24,A13<=Inputs!$G$24),Inputs!$I$24,0)) -> 0 | P13: =IF(A13=0,Inputs!$E$25,IF(AND(A13>=Inputs!$F$25,A13<=Inputs!$G$25),Inputs!$I$25,0)) -> 0 | Q13: =IF(A13=0,Inputs!$E$26,IF(AND(A13>=Inputs!$F$26,A13<=Inputs!$G$26),Inputs!$I$26,0)) -> 0 | R13: =IF(A13=0,Inputs!$E$27,IF(AND(A13>=Inputs!$F$27,A13<=Inputs!$G$27),Inputs!$I$27,0)) -> 0 | S13: =SUM(C13:R13) -> 7466666.7 | T13: =T12+S13 -> 1.1493333e+08 | U13: =T13/Inputs!$B$4 -> 0.11493333
A14: 9 | B14: =EDATE(Inputs!$B$5,A14) -> 46919 | C14: =IF(A14=0,Inputs!$E$12,IF(AND(A14>=Inputs!$F$12,A14<=Inputs!$G$12),Inputs!$I$12,0)) -> 0 | D14: =IF(A14=0,Inputs!$E$13,IF(AND(A14>=Inputs!$F$13,A14<=Inputs!$G$13),Inputs!$I$13,0)) -> 0 | E14: =IF(A14=0,Inputs!$E$14,IF(AND(A14>=Inputs!$F$14,A14<=Inputs!$G$14),Inputs!$I$14,0)) -> 0 | F14: =IF(A14=0,Inputs!$E$15,IF(AND(A14>=Inputs!$F$15,A14<=Inputs!$G$15),Inputs!$I$15,0)) -> 0 | G14: =IF(A14=0,Inputs!$E$16,IF(AND(A14>=Inputs!$F$16,A14<=Inputs!$G$16),Inputs!$I$16,0)) -> 0 | H14: =IF(A14=0,Inputs!$E$17,IF(AND(A14>=Inputs!$F$17,A14<=Inputs!$G$17),Inputs!$I$17,0)) -> 0 | I14: =IF(A14=0,Inputs!$E$18,IF(AND(A14>=Inputs!$F$18,A14<=Inputs!$G$18),Inputs!$I$18,0)) -> 0 | J14: =IF(A14=0,Inputs!$E$19,IF(AND(A14>=Inputs!$F$19,A14<=Inputs!$G$19),Inputs!$I$19,0)) -> 0 | K14: =IF(A14=0,Inputs!$E$20,IF(AND(A14>=Inputs!$F$20,A14<=Inputs!$G$20),Inputs!$I$20,0)) -> 0 | L14: =IF(A14<Inputs!$B$9,0,IF(A14<=12,Inputs!$B$8,Inputs!$B$6*(1-Inputs!$B$7)^(INT((A14-13)/12)+1)/12)) -> 4000000 | M14: =IF(A14=0,Inputs!$E$22,IF(AND(A14>=Inputs!$F$22,A14<=Inputs!$G$22),Inputs!$I$22,0)) -> 1833333.3 | N14: =IF(A14=0,Inputs!$E$23,IF(AND(A14>=Inputs!$F$23,A14<=Inputs!$G$23),Inputs!$I$23,0)) -> 1633333.3 | O14: =IF(A14=0,Inputs!$E$24,IF(AND(A14>=Inputs!$F$24,A14<=Inputs!$G$24),Inputs!$I$24,0)) -> 0 | P14: =IF(A14=0,Inputs!$E$25,IF(AND(A14>=Inputs!$F$25,A14<=Inputs!$G$25),Inputs!$I$25,0)) -> 0 | Q14: =IF(A14=0,Inputs!$E$26,IF(AND(A14>=Inputs!$F$26,A14<=Inputs!$G$26),Inputs!$I$26,0)) -> 0 | R14: =IF(A14=0,Inputs!$E$27,IF(AND(A14>=Inputs!$F$27,A14<=Inputs!$G$27),Inputs!$I$27,0)) -> 0 | S14: =SUM(C14:R14) -> 7466666.7 | T14: =T13+S14 -> 1.224e+08 | U14: =T14/Inputs!$B$4 -> 0.1224
A15: 10 | B15: =EDATE(Inputs!$B$5,A15) -> 46949 | C15: =IF(A15=0,Inputs!$E$12,IF(AND(A15>=Inputs!$F$12,A15<=Inputs!$G$12),Inputs!$I$12,0)) -> 0 | D15: =IF(A15=0,Inputs!$E$13,IF(AND(A15>=Inputs!$F$13,A15<=Inputs!$G$13),Inputs!$I$13,0)) -> 0 | E15: =IF(A15=0,Inputs!$E$14,IF(AND(A15>=Inputs!$F$14,A15<=Inputs!$G$14),Inputs!$I$14,0)) -> 0 | F15: =IF(A15=0,Inputs!$E$15,IF(AND(A15>=Inputs!$F$15,A15<=Inputs!$G$15),Inputs!$I$15,0)) -> 0 | G15: =IF(A15=0,Inputs!$E$16,IF(AND(A15>=Inputs!$F$16,A15<=Inputs!$G$16),Inputs!$I$16,0)) -> 0 | H15: =IF(A15=0,Inputs!$E$17,IF(AND(A15>=Inputs!$F$17,A15<=Inputs!$G$17),Inputs!$I$17,0)) -> 0 | I15: =IF(A15=0,Inputs!$E$18,IF(AND(A15>=Inputs!$F$18,A15<=Inputs!$G$18),Inputs!$I$18,0)) -> 0 | J15: =IF(A15=0,Inputs!$E$19,IF(AND(A15>=Inputs!$F$19,A15<=Inputs!$G$19),Inputs!$I$19,0)) -> 0 | K15: =IF(A15=0,Inputs!$E$20,IF(AND(A15>=Inputs!$F$20,A15<=Inputs!$G$20),Inputs!$I$20,0)) -> 0 | L15: =IF(A15<Inputs!$B$9,0,IF(A15<=12,Inputs!$B$8,Inputs!$B$6*(1-Inputs!$B$7)^(INT((A15-13)/12)+1)/12)) -> 4000000 | M15: =IF(A15=0,Inputs!$E$22,IF(AND(A15>=Inputs!$F$22,A15<=Inputs!$G$22),Inputs!$I$22,0)) -> 1833333.3 | N15: =IF(A15=0,Inputs!$E$23,IF(AND(A15>=Inputs!$F$23,A15<=Inputs!$G$23),Inputs!$I$23,0)) -> 1633333.3 | O15: =IF(A15=0,Inputs!$E$24,IF(AND(A15>=Inputs!$F$24,A15<=Inputs!$G$24),Inputs!$I$24,0)) -> 0 | P15: =IF(A15=0,Inputs!$E$25,IF(AND(A15>=Inputs!$F$25,A15<=Inputs!$G$25),Inputs!$I$25,0)) -> 0 | Q15: =IF(A15=0,Inputs!$E$26,IF(AND(A15>=Inputs!$F$26,A15<=Inputs!$G$26),Inputs!$I$26,0)) -> 0 | R15: =IF(A15=0,Inputs!$E$27,IF(AND(A15>=Inputs!$F$27,A15<=Inputs!$G$27),Inputs!$I$27,0)) -> 0 | S15: =SUM(C15:R15) -> 7466666.7 | T15: =T14+S15 -> 1.2986667e+08 | U15: =T15/Inputs!$B$4 -> 0.12986667
A16: 11 | B16: =EDATE(Inputs!$B$5,A16) -> 46980 | C16: =IF(A16=0,Inputs!$E$12,IF(AND(A16>=Inputs!$F$12,A16<=Inputs!$G$12),Inputs!$I$12,0)) -> 0 | D16: =IF(A16=0,Inputs!$E$13,IF(AND(A16>=Inputs!$F$13,A16<=Inputs!$G$13),Inputs!$I$13,0)) -> 0 | E16: =IF(A16=0,Inputs!$E$14,IF(AND(A16>=Inputs!$F$14,A16<=Inputs!$G$14),Inputs!$I$14,0)) -> 0 | F16: =IF(A16=0,Inputs!$E$15,IF(AND(A16>=Inputs!$F$15,A16<=Inputs!$G$15),Inputs!$I$15,0)) -> 0 | G16: =IF(A16=0,Inputs!$E$16,IF(AND(A16>=Inputs!$F$16,A16<=Inputs!$G$16),Inputs!$I$16,0)) -> 0 | H16: =IF(A16=0,Inputs!$E$17,IF(AND(A16>=Inputs!$F$17,A16<=Inputs!$G$17),Inputs!$I$17,0)) -> 0 | I16: =IF(A16=0,Inputs!$E$18,IF(AND(A16>=Inputs!$F$18,A16<=Inputs!$G$18),Inputs!$I$18,0)) -> 0 | J16: =IF(A16=0,Inputs!$E$19,IF(AND(A16>=Inputs!$F$19,A16<=Inputs!$G$19),Inputs!$I$19,0)) -> 0 | K16: =IF(A16=0,Inputs!$E$20,IF(AND(A16>=Inputs!$F$20,A16<=Inputs!$G$20),Inputs!$I$20,0)) -> 0 | L16: =IF(A16<Inputs!$B$9,0,IF(A16<=12,Inputs!$B$8,Inputs!$B$6*(1-Inputs!$B$7)^(INT((A16-13)/12)+1)/12)) -> 4000000 | M16: =IF(A16=0,Inputs!$E$22,IF(AND(A16>=Inputs!$F$22,A16<=Inputs!$G$22),Inputs!$I$22,0)) -> 1833333.3 | N16: =IF(A16=0,Inputs!$E$23,IF(AND(A16>=Inputs!$F$23,A16<=Inputs!$G$23),Inputs!$I$23,0)) -> 1633333.3 | O16: =IF(A16=0,Inputs!$E$24,IF(AND(A16>=Inputs!$F$24,A16<=Inputs!$G$24),Inputs!$I$24,0)) -> 0 | P16: =IF(A16=0,Inputs!$E$25,IF(AND(A16>=Inputs!$F$25,A16<=Inputs!$G$25),Inputs!$I$25,0)) -> 0 | Q16: =IF(A16=0,Inputs!$E$26,IF(AND(A16>=Inputs!$F$26,A16<=Inputs!$G$26),Inputs!$I$26,0)) -> 0 | R16: =IF(A16=0,Inputs!$E$27,IF(AND(A16>=Inputs!$F$27,A16<=Inputs!$G$27),Inputs!$I$27,0)) -> 0 | S16: =SUM(C16:R16) -> 7466666.7 | T16: =T15+S16 -> 1.3733333e+08 | U16: =T16/Inputs!$B$4 -> 0.13733333
A17: 12 | B17: =EDATE(Inputs!$B$5,A17) -> 47011 | C17: =IF(A17=0,Inputs!$E$12,IF(AND(A17>=Inputs!$F$12,A17<=Inputs!$G$12),Inputs!$I$12,0)) -> 0 | D17: =IF(A17=0,Inputs!$E$13,IF(AND(A17>=Inputs!$F$13,A17<=Inputs!$G$13),Inputs!$I$13,0)) -> 0 | E17: =IF(A17=0,Inputs!$E$14,IF(AND(A17>=Inputs!$F$14,A17<=Inputs!$G$14),Inputs!$I$14,0)) -> 0 | F17: =IF(A17=0,Inputs!$E$15,IF(AND(A17>=Inputs!$F$15,A17<=Inputs!$G$15),Inputs!$I$15,0)) -> 0 | G17: =IF(A17=0,Inputs!$E$16,IF(AND(A17>=Inputs!$F$16,A17<=Inputs!$G$16),Inputs!$I$16,0)) -> 0 | H17: =IF(A17=0,Inputs!$E$17,IF(AND(A17>=Inputs!$F$17,A17<=Inputs!$G$17),Inputs!$I$17,0)) -> 0 | I17: =IF(A17=0,Inputs!$E$18,IF(AND(A17>=Inputs!$F$18,A17<=Inputs!$G$18),Inputs!$I$18,0)) -> 0 | J17: =IF(A17=0,Inputs!$E$19,IF(AND(A17>=Inputs!$F$19,A17<=Inputs!$G$19),Inputs!$I$19,0)) -> 0 | K17: =IF(A17=0,Inputs!$E$20,IF(AND(A17>=Inputs!$F$20,A17<=Inputs!$G$20),Inputs!$I$20,0)) -> 0 | L17: =IF(A17<Inputs!$B$9,0,IF(A17<=12,Inputs!$B$8,Inputs!$B$6*(1-Inputs!$B$7)^(INT((A17-13)/12)+1)/12)) -> 4000000 | M17: =IF(A17=0,Inputs!$E$22,IF(AND(A17>=Inputs!$F$22,A17<=Inputs!$G$22),Inputs!$I$22,0)) -> 1833333.3 | N17: =IF(A17=0,Inputs!$E$23,IF(AND(A17>=Inputs!$F$23,A17<=Inputs!$G$23),Inputs!$I$23,0)) -> 1633333.3 | O17: =IF(A17=0,Inputs!$E$24,IF(AND(A17>=Inputs!$F$24,A17<=Inputs!$G$24),Inputs!$I$24,0)) -> 0 | P17: =IF(A17=0,Inputs!$E$25,IF(AND(A17>=Inputs!$F$25,A17<=Inputs!$G$25),Inputs!$I$25,0)) -> 0 | Q17: =IF(A17=0,Inputs!$E$26,IF(AND(A17>=Inputs!$F$26,A17<=Inputs!$G$26),Inputs!$I$26,0)) -> 0 | R17: =IF(A17=0,Inputs!$E$27,IF(AND(A17>=Inputs!$F$27,A17<=Inputs!$G$27),Inputs!$I$27,0)) -> 0 | S17: =SUM(C17:R17) -> 7466666.7 | T17: =T16+S17 -> 1.448e+08 | U17: =T17/Inputs!$B$4 -> 0.1448
... A89: 84 | B89: =EDATE(Inputs!$B$5,A89) -> 49202 | C89: =IF(A89=0,Inputs!$E$12,IF(AND(A89>=Inputs!$F$12,A89<=Inputs!$G$12),Inputs!$I$12,0)) -> 0 | D89: =IF(A89=0,Inputs!$E$13,IF(AND(A89>=Inputs!$F$13,A89<=Inputs!$G$13),Inputs!$I$13,0)) -> 0 | E89: =IF(A89=0,Inputs!$E$14,IF(AND(A89>=Inputs!$F$14,A89<=Inputs!$G$14),Inputs!$I$14,0)) -> 0 | F89: =IF(A89=0,Inputs!$E$15,IF(AND(A89>=Inputs!$F$15,A89<=Inputs!$G$15),Inputs!$I$15,0)) -> 0 | G89: =IF(A89=0,Inputs!$E$16,IF(AND(A89>=Inputs!$F$16,A89<=Inputs!$G$16),Inputs!$I$16,0)) -> 0 | H89: =IF(A89=0,Inputs!$E$17,IF(AND(A89>=Inputs!$F$17,A89<=Inputs!$G$17),Inputs!$I$17,0)) -> 0 | I89: =IF(A89=0,Inputs!$E$18,IF(AND(A89>=Inputs!$F$18,A89<=Inputs!$G$18),Inputs!$I$18,0)) -> 0 | J89: =IF(A89=0,Inputs!$E$19,IF(AND(A89>=Inputs!$F$19,A89<=Inputs!$G$19),Inputs!$I$19,0)) -> 0 | K89: =IF(A89=0,Inputs!$E$20,IF(AND(A89>=Inputs!$F$20,A89<=Inputs!$G$20),Inputs!$I$20,0)) -> 0 | L89: =IF(A89<Inputs!$B$9,0,IF(A89<=12,Inputs!$B$8,Inputs!$B$6*(1-Inputs!$B$7)^(INT((A89-13)/12)+1)/12)) -> 1508598.1 | M89: =IF(A89=0,Inputs!$E$22,IF(AND(A89>=Inputs!$F$22,A89<=Inputs!$G$22),Inputs!$I$22,0)) -> 0 | N89: =IF(A89=0,Inputs!$E$23,IF(AND(A89>=Inputs!$F$23,A89<=Inputs!$G$23),Inputs!$I$23,0)) -> 0 | O89: =IF(A89=0,Inputs!$E$24,IF(AND(A89>=Inputs!$F$24,A89<=Inputs!$G$24),Inputs!$I$24,0)) -> 0 | P89: =IF(A89=0,Inputs!$E$25,IF(AND(A89>=Inputs!$F$25,A89<=Inputs!$G$25),Inputs!$I$25,0)) -> 0 | Q89: =IF(A89=0,Inputs!$E$26,IF(AND(A89>=Inputs!$F$26,A89<=Inputs!$G$26),Inputs!$I$26,0)) -> 0 | R89: =IF(A89=0,Inputs!$E$27,IF(AND(A89>=Inputs!$F$27,A89<=Inputs!$G$27),Inputs!$I$27,0)) -> 0 | S89: =SUM(C89:R89) -> 1508598.1 | T89: =T88+S89 -> 7.7541533e+08 | U89: =T89/Inputs!$B$4 -> 0.77541533
A90: Total T+0 to T+84 | C90: =SUM(C5:C89) -> 10331395 | D90: =SUM(D5:D89) -> 27309256 | E90: =SUM(E5:E89) -> 16385554 | F90: =SUM(F5:F89) -> 10923703 | G90: =SUM(G5:G89) -> 10923703 | H90: =SUM(H5:H89) -> 10923703 | I90: =SUM(I5:I89) -> 10923703 | J90: =SUM(J5:J89) -> 2278984.2 | ... S90: =SUM(S5:S89) -> 7.7541533e+08
A91: Emissions remainder beyond T+84 (ceiling, not scheduled) | L91: =Inputs!$D$21-L90 -> 2.2458467e+08

Sheet Cumulative
A1: Cumulative unlocked by pocket, T+0 to T+84
A4: Month | B4: Date | C4: Pre-seed (Brandon Torres Declet) | D4: Seed (LD Capital) | E4: Seed (Cogitent Ventures) | F4: Seed (Leland Ventures) | G4: Seed (M77 Ventures) | H4: Seed (Block Maven LLC) | I4: Seed (Covey) | J4: KOL round | K4: New round | L4: Mining and validator emissions | M4: Marketing and exchanges | N4: Treasury and reserves | O4: Foundation | P4: Team and advisors | Q4: Liquidity / market making | R4: Community airdrop | S4: Circulating (cumulative) | T4: Circulating % of supply
A5: 0 | B5: =Grid!B5 -> 46645 | C5: =Grid!C5 -> 0 | D5: =Grid!D5 -> 0 | E5: =Grid!E5 -> 0 | F5: =Grid!F5 -> 0 | G5: =Grid!G5 -> 0 | H5: =Grid!H5 -> 0 | I5: =Grid!I5 -> 0 | ... R5: =Grid!R5 -> 5000000 | S5: =SUM(C5:R5) -> 77000000 | T5: =S5/Inputs!$B$4 -> 0.077
A6: 1 | B6: =Grid!B6 -> 46675 | C6: =C5+Grid!C6 -> 0 | D6: =D5+Grid!D6 -> 0 | E6: =E5+Grid!E6 -> 0 | F6: =F5+Grid!F6 -> 0 | G6: =G5+Grid!G6 -> 0 | H6: =H5+Grid!H6 -> 0 | I6: =I5+Grid!I6 -> 0 | J6: =J5+Grid!J6 -> 0 | ... R6: =R5+Grid!R6 -> 5000000 | S6: =SUM(C6:R6) -> 78833333 | T6: =S6/Inputs!$B$4 -> 0.078833333
A7: 2 | B7: =Grid!B7 -> 46706 | C7: =C6+Grid!C7 -> 0 | D7: =D6+Grid!D7 -> 0 | E7: =E6+Grid!E7 -> 0 | F7: =F6+Grid!F7 -> 0 | G7: =G6+Grid!G7 -> 0 | H7: =H6+Grid!H7 -> 0 | I7: =I6+Grid!I7 -> 0 | J7: =J6+Grid!J7 -> 0 | ... R7: =R6+Grid!R7 -> 5000000 | S7: =SUM(C7:R7) -> 80666667 | T7: =S7/Inputs!$B$4 -> 0.080666667
A8: 3 | B8: =Grid!B8 -> 46736 | C8: =C7+Grid!C8 -> 0 | D8: =D7+Grid!D8 -> 0 | E8: =E7+Grid!E8 -> 0 | F8: =F7+Grid!F8 -> 0 | G8: =G7+Grid!G8 -> 0 | H8: =H7+Grid!H8 -> 0 | I8: =I7+Grid!I8 -> 0 | J8: =J7+Grid!J8 -> 0 | ... R8: =R7+Grid!R8 -> 5000000 | S8: =SUM(C8:R8) -> 82500000 | T8: =S8/Inputs!$B$4 -> 0.0825
A9: 4 | B9: =Grid!B9 -> 46767 | C9: =C8+Grid!C9 -> 0 | D9: =D8+Grid!D9 -> 0 | E9: =E8+Grid!E9 -> 0 | F9: =F8+Grid!F9 -> 0 | G9: =G8+Grid!G9 -> 0 | H9: =H8+Grid!H9 -> 0 | I9: =I8+Grid!I9 -> 0 | J9: =J8+Grid!J9 -> 0 | ... R9: =R8+Grid!R9 -> 5000000 | S9: =SUM(C9:R9) -> 88333333 | T9: =S9/Inputs!$B$4 -> 0.088333333
A10: 5 | B10: =Grid!B10 -> 46798 | C10: =C9+Grid!C10 -> 0 | D10: =D9+Grid!D10 -> 0 | E10: =E9+Grid!E10 -> 0 | F10: =F9+Grid!F10 -> 0 | G10: =G9+Grid!G10 -> 0 | H10: =H9+Grid!H10 -> 0 | I10: =I9+Grid!I10 -> 0 | J10: =J9+Grid!J10 -> 0 | ... R10: =R9+Grid!R10 -> 5000000 | S10: =SUM(C10:R10) -> 94166667 | T10: =S10/Inputs!$B$4 -> 0.094166667
A11: 6 | B11: =Grid!B11 -> 46827 | C11: =C10+Grid!C11 -> 0 | D11: =D10+Grid!D11 -> 0 | E11: =E10+Grid!E11 -> 0 | F11: =F10+Grid!F11 -> 0 | G11: =G10+Grid!G11 -> 0 | H11: =H10+Grid!H11 -> 0 | I11: =I10+Grid!I11 -> 0 | J11: =J10+Grid!J11 -> 0 | ... R11: =R10+Grid!R11 -> 5000000 | S11: =SUM(C11:R11) -> 1e+08 | T11: =S11/Inputs!$B$4 -> 0.1
A12: 7 | B12: =Grid!B12 -> 46858 | C12: =C11+Grid!C12 -> 0 | D12: =D11+Grid!D12 -> 0 | E12: =E11+Grid!E12 -> 0 | F12: =F11+Grid!F12 -> 0 | G12: =G11+Grid!G12 -> 0 | H12: =H11+Grid!H12 -> 0 | I12: =I11+Grid!I12 -> 0 | J12: =J11+Grid!J12 -> 0 | ... R12: =R11+Grid!R12 -> 5000000 | S12: =SUM(C12:R12) -> 1.0746667e+08 | T12: =S12/Inputs!$B$4 -> 0.10746667
A13: 8 | B13: =Grid!B13 -> 46888 | C13: =C12+Grid!C13 -> 0 | D13: =D12+Grid!D13 -> 0 | E13: =E12+Grid!E13 -> 0 | F13: =F12+Grid!F13 -> 0 | G13: =G12+Grid!G13 -> 0 | H13: =H12+Grid!H13 -> 0 | I13: =I12+Grid!I13 -> 0 | J13: =J12+Grid!J13 -> 0 | ... R13: =R12+Grid!R13 -> 5000000 | S13: =SUM(C13:R13) -> 1.1493333e+08 | T13: =S13/Inputs!$B$4 -> 0.11493333
A14: 9 | B14: =Grid!B14 -> 46919 | C14: =C13+Grid!C14 -> 0 | D14: =D13+Grid!D14 -> 0 | E14: =E13+Grid!E14 -> 0 | F14: =F13+Grid!F14 -> 0 | G14: =G13+Grid!G14 -> 0 | H14: =H13+Grid!H14 -> 0 | I14: =I13+Grid!I14 -> 0 | J14: =J13+Grid!J14 -> 0 | ... R14: =R13+Grid!R14 -> 5000000 | S14: =SUM(C14:R14) -> 1.224e+08 | T14: =S14/Inputs!$B$4 -> 0.1224
A15: 10 | B15: =Grid!B15 -> 46949 | C15: =C14+Grid!C15 -> 0 | D15: =D14+Grid!D15 -> 0 | E15: =E14+Grid!E15 -> 0 | F15: =F14+Grid!F15 -> 0 | G15: =G14+Grid!G15 -> 0 | H15: =H14+Grid!H15 -> 0 | I15: =I14+Grid!I15 -> 0 | J15: =J14+Grid!J15 -> 0 | ... R15: =R14+Grid!R15 -> 5000000 | S15: =SUM(C15:R15) -> 1.2986667e+08 | T15: =S15/Inputs!$B$4 -> 0.12986667
A16: 11 | B16: =Grid!B16 -> 46980 | C16: =C15+Grid!C16 -> 0 | D16: =D15+Grid!D16 -> 0 | E16: =E15+Grid!E16 -> 0 | F16: =F15+Grid!F16 -> 0 | G16: =G15+Grid!G16 -> 0 | H16: =H15+Grid!H16 -> 0 | I16: =I15+Grid!I16 -> 0 | J16: =J15+Grid!J16 -> 0 | ... R16: =R15+Grid!R16 -> 5000000 | S16: =SUM(C16:R16) -> 1.3733333e+08 | T16: =S16/Inputs!$B$4 -> 0.13733333
A17: 12 | B17: =Grid!B17 -> 47011 | C17: =C16+Grid!C17 -> 0 | D17: =D16+Grid!D17 -> 0 | E17: =E16+Grid!E17 -> 0 | F17: =F16+Grid!F17 -> 0 | G17: =G16+Grid!G17 -> 0 | H17: =H16+Grid!H17 -> 0 | I17: =I16+Grid!I17 -> 0 | J17: =J16+Grid!J17 -> 0 | ... R17: =R16+Grid!R17 -> 5000000 | S17: =SUM(C17:R17) -> 1.448e+08 | T17: =S17/Inputs!$B$4 -> 0.1448
... A89: 84 | B89: =Grid!B89 -> 49202 | C89: =C88+Grid!C89 -> 10331395 | D89: =D88+Grid!D89 -> 27309256 | E89: =E88+Grid!E89 -> 16385554 | F89: =F88+Grid!F89 -> 10923703 | G89: =G88+Grid!G89 -> 10923703 | H89: =H88+Grid!H89 -> 10923703 | I89: =I88+Grid!I89 -> 10923703 | J89: =J88+Grid!J89 -> 2278984.2 | ... R89: =R88+Grid!R89 -> 5000000 | S89: =SUM(C89:R89) -> 7.7541533e+08 | T89: =S89/Inputs!$B$4 -> 0.77541533

Sheet Check
A1: Check against TRS V_04 circulating supply
A2: V_04 values are the cumulative circulating figures in column T of sheet TRS V_04. Difference must be below 1 KNX.
A4: Month | B4: Grid circulating (formula) | C4: V_04 circulating | D4: Absolute difference | E4: Within 1 KNX
A5: 0 | B5: =INDEX(Grid!$T$5:$T$89,A5+1) -> 77000000 | C5: 77000000 | D5: =ABS(B5-C5) -> 0 | E5: =D5<1 -> TRUE
A6: 12 | B6: =INDEX(Grid!$T$5:$T$89,A6+1) -> 1.448e+08 | C6: 144800000 | D6: =ABS(B6-C6) -> 2.98e-08 | E6: =D6<1 -> TRUE
A7: 24 | B7: =INDEX(Grid!$T$5:$T$89,A7+1) -> 3.937e+08 | C7: 393700000 | D7: =ABS(B7-C7) -> 5.96e-08 | E7: =D7<1 -> TRUE
A8: 36 | B8: =INDEX(Grid!$T$5:$T$89,A8+1) -> 6.2748e+08 | C8: 627480000 | D8: =ABS(B8-C8) -> 2.384e-07 | E8: =D8<1 -> TRUE
A9: 48 | B9: =INDEX(Grid!$T$5:$T$89,A9+1) -> 6.85958e+08 | C9: 685958000 | D9: =ABS(B9-C9) -> 2.384e-07 | E9: =D9<1 -> TRUE
A10: 60 | B10: =INDEX(Grid!$T$5:$T$89,A10+1) -> 7.360143e+08 | C10: 7.360143e+08 | D10: =ABS(B10-C10) -> 2.384e-07 | E10: =D10<1 -> TRUE
A11: 84 | B11: =INDEX(Grid!$T$5:$T$89,A11+1) -> 7.7541533e+08 | C11: 7.7541533e+08 | D11: =ABS(B11-C11) -> 2.384e-07 | E11: =D11<1 -> TRUE
A13: Per-pocket totals T+0 to T+84 against V_04 pocket totals (emissions compared net of the beyond-T+84 remainder)
A14: Pocket | B14: Grid total (formula) | C14: V_04 scheduled through T+84 | D14: Absolute difference | E14: Within 1 KNX
A15: Pre-seed (Brandon Torres Declet) | B15: =Grid!C90 -> 10331395 | C15: 10331395 | D15: =ABS(B15-C15) -> 9.3e-09 | E15: =D15<1 -> TRUE
A16: Seed (LD Capital) | B16: =Grid!D90 -> 27309256 | C16: 27309256 | D16: =ABS(B16-C16) -> 3.7e-09 | E16: =D16<1 -> TRUE
A17: Seed (Cogitent Ventures) | B17: =Grid!E90 -> 16385554 | C17: 16385554 | D17: =ABS(B17-C17) -> 2.98e-08 | E17: =D17<1 -> TRUE
A18: Seed (Leland Ventures) | B18: =Grid!F90 -> 10923703 | C18: 10923703 | D18: =ABS(B18-C18) -> 1.86e-08 | E18: =D18<1 -> TRUE
A19: Seed (M77 Ventures) | B19: =Grid!G90 -> 10923703 | C19: 10923703 | D19: =ABS(B19-C19) -> 1.86e-08 | E19: =D19<1 -> TRUE
A20: Seed (Block Maven LLC) | B20: =Grid!H90 -> 10923703 | C20: 10923703 | D20: =ABS(B20-C20) -> 1.86e-08 | E20: =D20<1 -> TRUE
A21: Seed (Covey) | B21: =Grid!I90 -> 10923703 | C21: 10923703 | D21: =ABS(B21-C21) -> 1.86e-08 | E21: =D21<1 -> TRUE
A22: KOL round | B22: =Grid!J90 -> 2278984.2 | C22: 2278984.2 | D22: =ABS(B22-C22) -> 7e-09 | E22: =D22<1 -> TRUE
A23: New round | B23: =Grid!K90 -> 200000000 | C23: 200000000 | D23: =ABS(B23-C23) -> 0 | E23: =D23<1 -> TRUE
A24: Mining and validator emissions | B24: =Grid!L90 -> 2.0541533e+08 | C24: 2.0541533e+08 | D24: =ABS(B24-C24) -> 0 | E24: =D24<1 -> TRUE
A25: Marketing and exchanges | B25: =Grid!M90 -> 95000000 | C25: 95000000 | D25: =ABS(B25-C25) -> 1.639e-07 | E25: =D25<1 -> TRUE
A26: Treasury and reserves | B26: =Grid!N90 -> 50000000 | C26: 50000000 | D26: =ABS(B26-C26) -> 1.192e-07 | E26: =D26<1 -> TRUE
A27: Foundation | B27: =Grid!O90 -> 40000000 | C27: 40000000 | D27: =ABS(B27-C27) -> 0 | E27: =D27<1 -> TRUE
A28: Team and advisors | B28: =Grid!P90 -> 50000000 | C28: 50000000 | D28: =ABS(B28-C28) -> 0 | E28: =D28<1 -> TRUE
A29: Liquidity / market making | B29: =Grid!Q90 -> 30000000 | C29: 30000000 | D29: =ABS(B29-C29) -> 0 | E29: =D29<1 -> TRUE
A30: Community airdrop | B30: =Grid!R90 -> 5000000 | C30: 5000000 | D30: =ABS(B30-C30) -> 0 | E30: =D30<1 -> TRUE

Sheet Notes
A1: Notes on conventions
A3: Month T+0 is the TGE working date (15 September 2027, target Q3 2027); tokens vest on the 15th of each month.
A4: Legacy investors (pre-seed, seed, KOL round): 0% at TGE, linear T+13 to T+60 (48 months) on the post-restructure retained amounts, which are conditional on the seven clawback consents.
A5: New round: 0% at TGE, linear T+13 to T+36 (24 months), 8,333,333.33 KNX per month.
A6: Emissions: 4,000,000 KNX per month from T+4 to T+12 (nine months, 36,000,000 KNX in the first year against a 48,000,000 cap); from T+13 the annual cap steps down 15% each twelve months and is released at cap/12 per month. Through T+84 this schedules 205,415,331.75 KNX; the remaining 224,584,668.25 KNX of the 430,000,000 pool is a ceiling beyond T+84, not scheduled supply.
A7: Marketing: 40,000,000 KNX at T+0, then 55,000,000 over T+1 to T+30 (1,833,333.33 per month).
A8: Treasury and reserves: 1,000,000 KNX at T+0, then 49,000,000 over T+7 to T+36 (1,633,333.33 per month).
A9: Foundation: 1,000,000 KNX at T+0, then 39,000,000 over T+13 to T+36 (1,625,000 per month). The V_04 vesting text reads M12 to M36; the V_04 grid releases from T+13, and the grid here follows the V_04 grid.
A10: Team and advisors: V_04 releases 2,000,000 KNX per month over T+14 to T+38 (25 months), with nothing at T+13. The V_04 vesting text reads M13 to M38; the grid here follows the V_04 grid (T+14 to T+38), which is why the month-13 unlock contains no team tokens.
A11: Liquidity / market making: 30,000,000 KNX at T+0. Community airdrop: 5,000,000 KNX at T+0.
A12: All monthly amounts are formulas from the Inputs sheet; the Check sheet compares the formula output with the V_04 circulating figures at T+0, T+12, T+24, T+36, T+48, T+60 and T+84.
