Workbook

Sheet Inputs
A1: Sell-pressure model inputs
A2: Prices are reference scenarios, not forecasts. Volume is an input the model does not supply.
A4: Price scenario | B4: USD per KNX | C4: Source
A5: Main close price | B5: 0.16 | C5: Token Release Schedule, 19 October 2026: main close, 175,000,000 KNX at USD 0.16 (USD 160,000,000 FDV)
A6: Effective legacy price, pre-seed | B6: 0.09679235 | C6: Token Release Schedule, 19 October 2026, InvestorInsiders Breakdown: USD 1,000,000 over 10,331,395 KNX
A7: Effective legacy price, seed | B7: 0.17164511 | C7: Token Release Schedule, 19 October 2026, InvestorInsiders Breakdown: USD 0.0665 entry pro-rated to the scheduled KNX
A8: Effective legacy price, KOL round | B8: 0.21939601 | C8: Token Release Schedule, 19 October 2026, InvestorInsiders Breakdown: USD 0.085 entry pro-rated to the scheduled KNX
A9: Listing reference price | B9: 0.2 | C9: Token Release Schedule, 19 October 2026: top-up close at USD 0.20 (USD 200,000,000 FDV)
A11: Projected 30-day spot volume (USD), base case | C11: INPUT REQUIRED: the model carries no volume assumption of its own. Enter the projected 30-day volume in USD; the Model sheet computes the ratios.
A12: Total supply (KNX) | B12: 1000000000

Sheet Unlocks
A1: Monthly unlock by class, T+0 to T+84 (KNX)
A2: Values from the Token Release Schedule, 19 October 2026 grid as reproduced in 2.1_unlock-grid_r2.xlsx. T+0 is the TGE working date, 5 February 2027.
A4: Month | B4: Date | C4: Legacy investors | D4: New round | E4: KOLpad | F4: Emissions | G4: Marketing | H4: Treasury | I4: Foundation | J4: Team | K4: Liquidity | L4: Airdrop | M4: Monthly total | N4: Circulating (cumulative) | O4: Circulating % of supply
A5: 0 | B5: =EDATE(DATE(2027,2,5),A5) -> 46423 | C5: 0 | D5: 0 | E5: 3000000 | F5: 0 | G5: 35000000 | H5: 0 | I5: 0 | J5: 0 | K5: 10000000 | L5: 5000000 | M5: =SUM(C5:L5) -> 53000000 | N5: =M5 -> 53000000 | O5: =N5/Inputs!$B$12 -> 0.053
A6: 1 | B6: =EDATE(DATE(2027,2,5),A6) -> 46451 | C6: 0 | D6: 0 | E6: 6000000 | F6: 0 | G6: 500000 | H6: 0 | I6: 0 | J6: 0 | K6: 0 | L6: 0 | M6: =SUM(C6:L6) -> 6500000 | N6: =N5+M6 -> 59500000 | O6: =N6/Inputs!$B$12 -> 0.0595
A7: 2 | B7: =EDATE(DATE(2027,2,5),A7) -> 46482 | C7: 0 | D7: 0 | E7: 6000000 | F7: 0 | G7: 500000 | H7: 0 | I7: 0 | J7: 0 | K7: 0 | L7: 0 | M7: =SUM(C7:L7) -> 6500000 | N7: =N6+M7 -> 66000000 | O7: =N7/Inputs!$B$12 -> 0.066
A8: 3 | B8: =EDATE(DATE(2027,2,5),A8) -> 46512 | C8: 0 | D8: 0 | E8: 0 | F8: 0 | G8: 500000 | H8: 0 | I8: 0 | J8: 0 | K8: 0 | L8: 0 | M8: =SUM(C8:L8) -> 500000 | N8: =N7+M8 -> 66500000 | O8: =N8/Inputs!$B$12 -> 0.0665
A9: 4 | B9: =EDATE(DATE(2027,2,5),A9) -> 46543 | C9: 0 | D9: 0 | E9: 0 | F9: 4000000 | G9: 500000 | H9: 0 | I9: 0 | J9: 0 | K9: 0 | L9: 0 | M9: =SUM(C9:L9) -> 4500000 | N9: =N8+M9 -> 71000000 | O9: =N9/Inputs!$B$12 -> 0.071
A10: 5 | B10: =EDATE(DATE(2027,2,5),A10) -> 46573 | C10: 0 | D10: 0 | E10: 0 | F10: 4000000 | G10: 500000 | H10: 0 | I10: 0 | J10: 0 | K10: 0 | L10: 0 | M10: =SUM(C10:L10) -> 4500000 | N10: =N9+M10 -> 75500000 | O10: =N10/Inputs!$B$12 -> 0.0755
A11: 6 | B11: =EDATE(DATE(2027,2,5),A11) -> 46604 | C11: 0 | D11: 0 | E11: 0 | F11: 4000000 | G11: 500000 | H11: 0 | I11: 0 | J11: 0 | K11: 0 | L11: 0 | M11: =SUM(C11:L11) -> 4500000 | N11: =N10+M11 -> 80000000 | O11: =N11/Inputs!$B$12 -> 0.08
A12: 7 | B12: =EDATE(DATE(2027,2,5),A12) -> 46635 | C12: 0 | D12: 0 | E12: 0 | F12: 4000000 | G12: 500000 | H12: 1666666.7 | I12: 0 | J12: 0 | K12: 0 | L12: 0 | M12: =SUM(C12:L12) -> 6166666.7 | N12: =N11+M12 -> 86166667 | O12: =N12/Inputs!$B$12 -> 0.086166667
A13: 8 | B13: =EDATE(DATE(2027,2,5),A13) -> 46665 | C13: 0 | D13: 0 | E13: 0 | F13: 4000000 | G13: 500000 | H13: 1666666.7 | I13: 0 | J13: 0 | K13: 0 | L13: 0 | M13: =SUM(C13:L13) -> 6166666.7 | N13: =N12+M13 -> 92333333 | O13: =N13/Inputs!$B$12 -> 0.092333333
A14: 9 | B14: =EDATE(DATE(2027,2,5),A14) -> 46696 | C14: 0 | D14: 0 | E14: 0 | F14: 4000000 | G14: 500000 | H14: 1666666.7 | I14: 0 | J14: 0 | K14: 0 | L14: 0 | M14: =SUM(C14:L14) -> 6166666.7 | N14: =N13+M14 -> 98500000 | O14: =N14/Inputs!$B$12 -> 0.0985
A15: 10 | B15: =EDATE(DATE(2027,2,5),A15) -> 46726 | C15: 0 | D15: 0 | E15: 0 | F15: 4000000 | G15: 500000 | H15: 1666666.7 | I15: 0 | J15: 0 | K15: 0 | L15: 0 | M15: =SUM(C15:L15) -> 6166666.7 | N15: =N14+M15 -> 1.0466667e+08 | O15: =N15/Inputs!$B$12 -> 0.10466667
A16: 11 | B16: =EDATE(DATE(2027,2,5),A16) -> 46757 | C16: 0 | D16: 0 | E16: 0 | F16: 4000000 | G16: 500000 | H16: 1666666.7 | I16: 0 | J16: 0 | K16: 0 | L16: 0 | M16: =SUM(C16:L16) -> 6166666.7 | N16: =N15+M16 -> 1.1083333e+08 | O16: =N16/Inputs!$B$12 -> 0.11083333
A17: 12 | B17: =EDATE(DATE(2027,2,5),A17) -> 46788 | C17: 0 | D17: 0 | E17: 0 | F17: 4000000 | G17: 500000 | H17: 1666666.7 | I17: 0 | J17: 0 | K17: 0 | L17: 0 | M17: =SUM(C17:L17) -> 6166666.7 | N17: =N16+M17 -> 117000000 | O17: =N17/Inputs!$B$12 -> 0.117
... A89: 84 | B89: =EDATE(DATE(2027,2,5),A89) -> 48980 | C89: 0 | D89: 0 | E89: 0 | F89: 1508598.1 | G89: 0 | H89: 0 | I89: 0 | J89: 0 | K89: 0 | L89: 0 | M89: =SUM(C89:L89) -> 1508598.1 | N89: =N88+M89 -> 7.2041533e+08 | O89: =N89/Inputs!$B$12 -> 0.72041533
A90: Total | C90: =SUM(C5:C89) -> 100000000 | D90: =SUM(D5:D89) -> 195000000 | E90: =SUM(E5:E89) -> 15000000 | F90: =SUM(F5:F89) -> 2.0541533e+08 | G90: =SUM(G5:G89) -> 50000000 | H90: =SUM(H5:H89) -> 50000000 | I90: =SUM(I5:I89) -> 40000000 | J90: =SUM(J5:J89) -> 50000000 | ... M90: =SUM(M5:M89) -> 7.2041533e+08

Sheet Model
A1: Unlock value and unlock-to-volume ratio by month
A2: Unlock value = monthly unlock KNX x price scenario. Ratio = unlock value / 30-day volume; blank volume reads INPUT REQUIRED.
A4: Month | B4: Date | C4: Monthly unlock (KNX) | D4: Value at main close price (USD) | E4: Value at listing reference (USD) | F4: Value at pre-seed effective price (USD) | G4: Value at seed effective price (USD) | H4: Value at KOL effective price (USD) | I4: 30-day volume (USD) | J4: Unlock / volume at USD 0.16 | K4: Unlock / volume at listing reference
A5: 0 | B5: =Unlocks!B5 -> 46423 | C5: =Unlocks!M5 -> 53000000 | D5: =C5*Inputs!$B$5 -> 8480000 | E5: =C5*Inputs!$B$9 -> 10600000 | F5: =C5*Inputs!$B$6 -> 5129994.5 | G5: =C5*Inputs!$B$7 -> 9097190.7 | H5: =C5*Inputs!$B$8 -> 11627989 | I5: =IF(Inputs!$B$11="","",Inputs!$B$11) | J5: =IF(OR(I5="",I5=0),"INPUT REQUIRED",D5/I5) -> INPUT REQUIRED | K5: =IF(OR(I5="",I5=0),"INPUT REQUIRED",E5/I5) -> INPUT REQUIRED
A6: 1 | B6: =Unlocks!B6 -> 46451 | C6: =Unlocks!M6 -> 6500000 | D6: =C6*Inputs!$B$5 -> 1040000 | E6: =C6*Inputs!$B$9 -> 1300000 | F6: =C6*Inputs!$B$6 -> 629150.27 | G6: =C6*Inputs!$B$7 -> 1115693.2 | H6: =C6*Inputs!$B$8 -> 1426074.1 | I6: =IF(Inputs!$B$11="","",Inputs!$B$11) | J6: =IF(OR(I6="",I6=0),"INPUT REQUIRED",D6/I6) -> INPUT REQUIRED | K6: =IF(OR(I6="",I6=0),"INPUT REQUIRED",E6/I6) -> INPUT REQUIRED
A7: 2 | B7: =Unlocks!B7 -> 46482 | C7: =Unlocks!M7 -> 6500000 | D7: =C7*Inputs!$B$5 -> 1040000 | E7: =C7*Inputs!$B$9 -> 1300000 | F7: =C7*Inputs!$B$6 -> 629150.27 | G7: =C7*Inputs!$B$7 -> 1115693.2 | H7: =C7*Inputs!$B$8 -> 1426074.1 | I7: =IF(Inputs!$B$11="","",Inputs!$B$11) | J7: =IF(OR(I7="",I7=0),"INPUT REQUIRED",D7/I7) -> INPUT REQUIRED | K7: =IF(OR(I7="",I7=0),"INPUT REQUIRED",E7/I7) -> INPUT REQUIRED
A8: 3 | B8: =Unlocks!B8 -> 46512 | C8: =Unlocks!M8 -> 500000 | D8: =C8*Inputs!$B$5 -> 80000 | E8: =C8*Inputs!$B$9 -> 100000 | F8: =C8*Inputs!$B$6 -> 48396.175 | G8: =C8*Inputs!$B$7 -> 85822.554 | H8: =C8*Inputs!$B$8 -> 109698.01 | I8: =IF(Inputs!$B$11="","",Inputs!$B$11) | J8: =IF(OR(I8="",I8=0),"INPUT REQUIRED",D8/I8) -> INPUT REQUIRED | K8: =IF(OR(I8="",I8=0),"INPUT REQUIRED",E8/I8) -> INPUT REQUIRED
A9: 4 | B9: =Unlocks!B9 -> 46543 | C9: =Unlocks!M9 -> 4500000 | D9: =C9*Inputs!$B$5 -> 720000 | E9: =C9*Inputs!$B$9 -> 900000 | F9: =C9*Inputs!$B$6 -> 435565.57 | G9: =C9*Inputs!$B$7 -> 772402.98 | H9: =C9*Inputs!$B$8 -> 987282.05 | I9: =IF(Inputs!$B$11="","",Inputs!$B$11) | J9: =IF(OR(I9="",I9=0),"INPUT REQUIRED",D9/I9) -> INPUT REQUIRED | K9: =IF(OR(I9="",I9=0),"INPUT REQUIRED",E9/I9) -> INPUT REQUIRED
A10: 5 | B10: =Unlocks!B10 -> 46573 | C10: =Unlocks!M10 -> 4500000 | D10: =C10*Inputs!$B$5 -> 720000 | E10: =C10*Inputs!$B$9 -> 900000 | F10: =C10*Inputs!$B$6 -> 435565.57 | G10: =C10*Inputs!$B$7 -> 772402.98 | H10: =C10*Inputs!$B$8 -> 987282.05 | I10: =IF(Inputs!$B$11="","",Inputs!$B$11) | J10: =IF(OR(I10="",I10=0),"INPUT REQUIRED",D10/I10) -> INPUT REQUIRED | K10: =IF(OR(I10="",I10=0),"INPUT REQUIRED",E10/I10) -> INPUT REQUIRED
A11: 6 | B11: =Unlocks!B11 -> 46604 | C11: =Unlocks!M11 -> 4500000 | D11: =C11*Inputs!$B$5 -> 720000 | E11: =C11*Inputs!$B$9 -> 900000 | F11: =C11*Inputs!$B$6 -> 435565.57 | G11: =C11*Inputs!$B$7 -> 772402.98 | H11: =C11*Inputs!$B$8 -> 987282.05 | I11: =IF(Inputs!$B$11="","",Inputs!$B$11) | J11: =IF(OR(I11="",I11=0),"INPUT REQUIRED",D11/I11) -> INPUT REQUIRED | K11: =IF(OR(I11="",I11=0),"INPUT REQUIRED",E11/I11) -> INPUT REQUIRED
A12: 7 | B12: =Unlocks!B12 -> 46635 | C12: =Unlocks!M12 -> 6166666.7 | D12: =C12*Inputs!$B$5 -> 986666.67 | E12: =C12*Inputs!$B$9 -> 1233333.3 | F12: =C12*Inputs!$B$6 -> 596886.16 | G12: =C12*Inputs!$B$7 -> 1058478.2 | H12: =C12*Inputs!$B$8 -> 1352942.1 | I12: =IF(Inputs!$B$11="","",Inputs!$B$11) | J12: =IF(OR(I12="",I12=0),"INPUT REQUIRED",D12/I12) -> INPUT REQUIRED | K12: =IF(OR(I12="",I12=0),"INPUT REQUIRED",E12/I12) -> INPUT REQUIRED
A13: 8 | B13: =Unlocks!B13 -> 46665 | C13: =Unlocks!M13 -> 6166666.7 | D13: =C13*Inputs!$B$5 -> 986666.67 | E13: =C13*Inputs!$B$9 -> 1233333.3 | F13: =C13*Inputs!$B$6 -> 596886.16 | G13: =C13*Inputs!$B$7 -> 1058478.2 | H13: =C13*Inputs!$B$8 -> 1352942.1 | I13: =IF(Inputs!$B$11="","",Inputs!$B$11) | J13: =IF(OR(I13="",I13=0),"INPUT REQUIRED",D13/I13) -> INPUT REQUIRED | K13: =IF(OR(I13="",I13=0),"INPUT REQUIRED",E13/I13) -> INPUT REQUIRED
A14: 9 | B14: =Unlocks!B14 -> 46696 | C14: =Unlocks!M14 -> 6166666.7 | D14: =C14*Inputs!$B$5 -> 986666.67 | E14: =C14*Inputs!$B$9 -> 1233333.3 | F14: =C14*Inputs!$B$6 -> 596886.16 | G14: =C14*Inputs!$B$7 -> 1058478.2 | H14: =C14*Inputs!$B$8 -> 1352942.1 | I14: =IF(Inputs!$B$11="","",Inputs!$B$11) | J14: =IF(OR(I14="",I14=0),"INPUT REQUIRED",D14/I14) -> INPUT REQUIRED | K14: =IF(OR(I14="",I14=0),"INPUT REQUIRED",E14/I14) -> INPUT REQUIRED
A15: 10 | B15: =Unlocks!B15 -> 46726 | C15: =Unlocks!M15 -> 6166666.7 | D15: =C15*Inputs!$B$5 -> 986666.67 | E15: =C15*Inputs!$B$9 -> 1233333.3 | F15: =C15*Inputs!$B$6 -> 596886.16 | G15: =C15*Inputs!$B$7 -> 1058478.2 | H15: =C15*Inputs!$B$8 -> 1352942.1 | I15: =IF(Inputs!$B$11="","",Inputs!$B$11) | J15: =IF(OR(I15="",I15=0),"INPUT REQUIRED",D15/I15) -> INPUT REQUIRED | K15: =IF(OR(I15="",I15=0),"INPUT REQUIRED",E15/I15) -> INPUT REQUIRED
A16: 11 | B16: =Unlocks!B16 -> 46757 | C16: =Unlocks!M16 -> 6166666.7 | D16: =C16*Inputs!$B$5 -> 986666.67 | E16: =C16*Inputs!$B$9 -> 1233333.3 | F16: =C16*Inputs!$B$6 -> 596886.16 | G16: =C16*Inputs!$B$7 -> 1058478.2 | H16: =C16*Inputs!$B$8 -> 1352942.1 | I16: =IF(Inputs!$B$11="","",Inputs!$B$11) | J16: =IF(OR(I16="",I16=0),"INPUT REQUIRED",D16/I16) -> INPUT REQUIRED | K16: =IF(OR(I16="",I16=0),"INPUT REQUIRED",E16/I16) -> INPUT REQUIRED
... A89: 84 | B89: =Unlocks!B89 -> 48980 | C89: =Unlocks!M89 -> 1508598.1 | D89: =C89*Inputs!$B$5 -> 241375.69 | E89: =C89*Inputs!$B$9 -> 301719.61 | F89: =C89*Inputs!$B$6 -> 146020.75 | G89: =C89*Inputs!$B$7 -> 258943.48 | H89: =C89*Inputs!$B$8 -> 330980.4 | I89: =IF(Inputs!$B$11="","",Inputs!$B$11) | J89: =IF(OR(I89="",I89=0),"INPUT REQUIRED",D89/I89) -> INPUT REQUIRED | K89: =IF(OR(I89="",I89=0),"INPUT REQUIRED",E89/I89) -> INPUT REQUIRED
A91: Month 13 (first investor unlock) | C91: =C18 -> 17441667 | D91: =D18 -> 2790666.7 | E91: =E18 -> 3488333.3
A92: Column I may be overridden month by month with a specific volume figure; the yellow cells otherwise take the base case from Inputs B11.

Sheet Composition
A1: Composition of the month-13 unlock and of the TGE float (KNX)
A4: Class | B4: Unlocked at TGE (T+0) | C4: Unlock at T+13 | D4: Value of T+13 unlock at USD 0.16 | E4: Value of T+13 unlock at the listing reference
A5: Legacy investors | B5: =Unlocks!C5 -> 0 | C5: =Unlocks!C18 -> 2083333.3 | D5: =C5*Inputs!$B$5 -> 333333.33 | E5: =C5*Inputs!$B$9 -> 416666.67
A6: New round | B6: =Unlocks!D5 -> 0 | C6: =Unlocks!D18 -> 8125000 | D6: =C6*Inputs!$B$5 -> 1300000 | E6: =C6*Inputs!$B$9 -> 1625000
A7: KOLpad | B7: =Unlocks!E5 -> 3000000 | C7: =Unlocks!E18 -> 0 | D7: =C7*Inputs!$B$5 -> 0 | E7: =C7*Inputs!$B$9 -> 0
A8: Emissions | B8: =Unlocks!F5 -> 0 | C8: =Unlocks!F18 -> 3400000 | D8: =C8*Inputs!$B$5 -> 544000 | E8: =C8*Inputs!$B$9 -> 680000
A9: Marketing | B9: =Unlocks!G5 -> 35000000 | C9: =Unlocks!G18 -> 500000 | D9: =C9*Inputs!$B$5 -> 80000 | E9: =C9*Inputs!$B$9 -> 100000
A10: Treasury | B10: =Unlocks!H5 -> 0 | C10: =Unlocks!H18 -> 1666666.7 | D10: =C10*Inputs!$B$5 -> 266666.67 | E10: =C10*Inputs!$B$9 -> 333333.33
A11: Foundation | B11: =Unlocks!I5 -> 0 | C11: =Unlocks!I18 -> 1666666.7 | D11: =C11*Inputs!$B$5 -> 266666.67 | E11: =C11*Inputs!$B$9 -> 333333.33
A12: Team | B12: =Unlocks!J5 -> 0 | C12: =Unlocks!J18 -> 0 | D12: =C12*Inputs!$B$5 -> 0 | E12: =C12*Inputs!$B$9 -> 0
A13: Liquidity | B13: =Unlocks!K5 -> 10000000 | C13: =Unlocks!K18 -> 0 | D13: =C13*Inputs!$B$5 -> 0 | E13: =C13*Inputs!$B$9 -> 0
A14: Airdrop | B14: =Unlocks!L5 -> 5000000 | C14: =Unlocks!L18 -> 0 | D14: =C14*Inputs!$B$5 -> 0 | E14: =C14*Inputs!$B$9 -> 0
A15: Total | B15: =SUM(B5:B14) -> 53000000 | C15: =SUM(C5:C14) -> 17441667 | D15: =SUM(D5:D14) -> 2790666.7 | E15: =SUM(E5:E14) -> 3488333.3
