Workbook

Sheet Inputs
A1: Sell-pressure model inputs
A2: Prices are reference scenarios, not forecasts. Volume is an input the model does not supply.
A4: Price scenario | B4: USD per KNX | C4: Source
A5: New round price | B5: 0.16 | C5: TRS V_04, New Round pocket, USD 0.16 (USD 160,000,000 FDV)
A6: Effective legacy price, pre-seed | B6: 0.096792349 | C6: TRS V_04, InvestorInsiders Breakdown: USD 1,000,000 over 10,331,395.27 retained KNX
A7: Effective legacy price, seed | B7: 0.1716451 | C7: TRS V_04, InvestorInsiders Breakdown: USD 0.0665 entry pro-rated to retained KNX
A8: Effective legacy price, KOL round | B8: 0.21939599 | C8: TRS V_04, InvestorInsiders Breakdown: USD 0.085 entry pro-rated to retained KNX
A11: Projected 30-day spot volume (USD), base case | C11: INPUT REQUIRED: the model carries no volume assumption of its own. Enter the projected 30-day volume in USD; the Model sheet uses it for every month unless a month is overridden there.
A12: Total supply (KNX) | B12: 1000000000

Sheet Unlocks
A1: Monthly unlock by class, T+0 to T+84 (KNX)
A2: Values from TRS V_04 grid as reproduced in 2.1_unlock-grid_r1.xlsx. T+0 is the TGE working date, 15 September 2027.
A4: Month | B4: Date | C4: Legacy investors | D4: New round | E4: Emissions | F4: Marketing | G4: Treasury | H4: Foundation | I4: Team | J4: Liquidity | K4: Airdrop | L4: Monthly total | M4: Circulating (cumulative) | N4: Circulating % of supply
A5: 0 | B5: =EDATE(DATE(2027,9,15),A5) | C5: 0 | D5: 0 | E5: 0 | F5: 40000000 | G5: 1000000 | H5: 1000000 | I5: 0 | J5: 30000000 | K5: 5000000 | L5: =SUM(C5:K5) | M5: =L5 | N5: =M5/Inputs!$B$12
A6: 1 | B6: =EDATE(DATE(2027,9,15),A6) | C6: 0 | D6: 0 | E6: 0 | F6: 1833333.3 | G6: 0 | H6: 0 | I6: 0 | J6: 0 | K6: 0 | L6: =SUM(C6:K6) | M6: =M5+L6 | N6: =M6/Inputs!$B$12
A7: 2 | B7: =EDATE(DATE(2027,9,15),A7) | C7: 0 | D7: 0 | E7: 0 | F7: 1833333.3 | G7: 0 | H7: 0 | I7: 0 | J7: 0 | K7: 0 | L7: =SUM(C7:K7) | M7: =M6+L7 | N7: =M7/Inputs!$B$12
A8: 3 | B8: =EDATE(DATE(2027,9,15),A8) | C8: 0 | D8: 0 | E8: 0 | F8: 1833333.3 | G8: 0 | H8: 0 | I8: 0 | J8: 0 | K8: 0 | L8: =SUM(C8:K8) | M8: =M7+L8 | N8: =M8/Inputs!$B$12
A9: 4 | B9: =EDATE(DATE(2027,9,15),A9) | C9: 0 | D9: 0 | E9: 4000000 | F9: 1833333.3 | G9: 0 | H9: 0 | I9: 0 | J9: 0 | K9: 0 | L9: =SUM(C9:K9) | M9: =M8+L9 | N9: =M9/Inputs!$B$12
A10: 5 | B10: =EDATE(DATE(2027,9,15),A10) | C10: 0 | D10: 0 | E10: 4000000 | F10: 1833333.3 | G10: 0 | H10: 0 | I10: 0 | J10: 0 | K10: 0 | L10: =SUM(C10:K10) | M10: =M9+L10 | N10: =M10/Inputs!$B$12
A11: 6 | B11: =EDATE(DATE(2027,9,15),A11) | C11: 0 | D11: 0 | E11: 4000000 | F11: 1833333.3 | G11: 0 | H11: 0 | I11: 0 | J11: 0 | K11: 0 | L11: =SUM(C11:K11) | M11: =M10+L11 | N11: =M11/Inputs!$B$12
A12: 7 | B12: =EDATE(DATE(2027,9,15),A12) | C12: 0 | D12: 0 | E12: 4000000 | F12: 1833333.3 | G12: 1633333.3 | H12: 0 | I12: 0 | J12: 0 | K12: 0 | L12: =SUM(C12:K12) | M12: =M11+L12 | N12: =M12/Inputs!$B$12
A13: 8 | B13: =EDATE(DATE(2027,9,15),A13) | C13: 0 | D13: 0 | E13: 4000000 | F13: 1833333.3 | G13: 1633333.3 | H13: 0 | I13: 0 | J13: 0 | K13: 0 | L13: =SUM(C13:K13) | M13: =M12+L13 | N13: =M13/Inputs!$B$12
A14: 9 | B14: =EDATE(DATE(2027,9,15),A14) | C14: 0 | D14: 0 | E14: 4000000 | F14: 1833333.3 | G14: 1633333.3 | H14: 0 | I14: 0 | J14: 0 | K14: 0 | L14: =SUM(C14:K14) | M14: =M13+L14 | N14: =M14/Inputs!$B$12
A15: 10 | B15: =EDATE(DATE(2027,9,15),A15) | C15: 0 | D15: 0 | E15: 4000000 | F15: 1833333.3 | G15: 1633333.3 | H15: 0 | I15: 0 | J15: 0 | K15: 0 | L15: =SUM(C15:K15) | M15: =M14+L15 | N15: =M15/Inputs!$B$12
A16: 11 | B16: =EDATE(DATE(2027,9,15),A16) | C16: 0 | D16: 0 | E16: 4000000 | F16: 1833333.3 | G16: 1633333.3 | H16: 0 | I16: 0 | J16: 0 | K16: 0 | L16: =SUM(C16:K16) | M16: =M15+L16 | N16: =M16/Inputs!$B$12
A17: 12 | B17: =EDATE(DATE(2027,9,15),A17) | C17: 0 | D17: 0 | E17: 4000000 | F17: 1833333.3 | G17: 1633333.3 | H17: 0 | I17: 0 | J17: 0 | K17: 0 | L17: =SUM(C17:K17) | M17: =M16+L17 | N17: =M17/Inputs!$B$12
... A89: 84 | B89: =EDATE(DATE(2027,9,15),A89) | C89: 0 | D89: 0 | E89: 1508598.1 | F89: 0 | G89: 0 | H89: 0 | I89: 0 | J89: 0 | K89: 0 | L89: =SUM(C89:K89) | M89: =M88+L89 | N89: =M89/Inputs!$B$12
A90: Total | C90: =SUM(C5:C89) | D90: =SUM(D5:D89) | E90: =SUM(E5:E89) | F90: =SUM(F5:F89) | G90: =SUM(G5:G89) | H90: =SUM(H5:H89) | I90: =SUM(I5:I89) | J90: =SUM(J5:J89) | ... L90: =SUM(L5:L89)

Sheet Model
A1: Unlock value and unlock-to-volume ratio by month
A2: Unlock value = monthly unlock KNX x price scenario. Ratio = unlock value at the new round price / 30-day volume. Blank volume shows INPUT REQUIRED.
A4: Month | B4: Date | C4: Monthly unlock (KNX) | D4: Value at new round price (USD) | E4: Value at pre-seed effective price (USD) | F4: Value at seed effective price (USD) | G4: Value at KOL effective price (USD) | H4: 30-day volume (USD) | I4: Unlock / volume at USD 0.16 | J4: Unlock / volume at seed effective price
A5: 0 | B5: =Unlocks!B5 | C5: =Unlocks!L5 | D5: =C5*Inputs!$B$5 | E5: =C5*Inputs!$B$6 | F5: =C5*Inputs!$B$7 | G5: =C5*Inputs!$B$8 | H5: =IF(Inputs!$B$11="","",Inputs!$B$11) | I5: =IF(OR(H5="",H5=0),"INPUT REQUIRED",D5/H5) | J5: =IF(OR(H5="",H5=0),"INPUT REQUIRED",F5/H5)
A6: 1 | B6: =Unlocks!B6 | C6: =Unlocks!L6 | D6: =C6*Inputs!$B$5 | E6: =C6*Inputs!$B$6 | F6: =C6*Inputs!$B$7 | G6: =C6*Inputs!$B$8 | H6: =IF(Inputs!$B$11="","",Inputs!$B$11) | I6: =IF(OR(H6="",H6=0),"INPUT REQUIRED",D6/H6) | J6: =IF(OR(H6="",H6=0),"INPUT REQUIRED",F6/H6)
A7: 2 | B7: =Unlocks!B7 | C7: =Unlocks!L7 | D7: =C7*Inputs!$B$5 | E7: =C7*Inputs!$B$6 | F7: =C7*Inputs!$B$7 | G7: =C7*Inputs!$B$8 | H7: =IF(Inputs!$B$11="","",Inputs!$B$11) | I7: =IF(OR(H7="",H7=0),"INPUT REQUIRED",D7/H7) | J7: =IF(OR(H7="",H7=0),"INPUT REQUIRED",F7/H7)
A8: 3 | B8: =Unlocks!B8 | C8: =Unlocks!L8 | D8: =C8*Inputs!$B$5 | E8: =C8*Inputs!$B$6 | F8: =C8*Inputs!$B$7 | G8: =C8*Inputs!$B$8 | H8: =IF(Inputs!$B$11="","",Inputs!$B$11) | I8: =IF(OR(H8="",H8=0),"INPUT REQUIRED",D8/H8) | J8: =IF(OR(H8="",H8=0),"INPUT REQUIRED",F8/H8)
A9: 4 | B9: =Unlocks!B9 | C9: =Unlocks!L9 | D9: =C9*Inputs!$B$5 | E9: =C9*Inputs!$B$6 | F9: =C9*Inputs!$B$7 | G9: =C9*Inputs!$B$8 | H9: =IF(Inputs!$B$11="","",Inputs!$B$11) | I9: =IF(OR(H9="",H9=0),"INPUT REQUIRED",D9/H9) | J9: =IF(OR(H9="",H9=0),"INPUT REQUIRED",F9/H9)
A10: 5 | B10: =Unlocks!B10 | C10: =Unlocks!L10 | D10: =C10*Inputs!$B$5 | E10: =C10*Inputs!$B$6 | F10: =C10*Inputs!$B$7 | G10: =C10*Inputs!$B$8 | H10: =IF(Inputs!$B$11="","",Inputs!$B$11) | I10: =IF(OR(H10="",H10=0),"INPUT REQUIRED",D10/H10) | J10: =IF(OR(H10="",H10=0),"INPUT REQUIRED",F10/H10)
A11: 6 | B11: =Unlocks!B11 | C11: =Unlocks!L11 | D11: =C11*Inputs!$B$5 | E11: =C11*Inputs!$B$6 | F11: =C11*Inputs!$B$7 | G11: =C11*Inputs!$B$8 | H11: =IF(Inputs!$B$11="","",Inputs!$B$11) | I11: =IF(OR(H11="",H11=0),"INPUT REQUIRED",D11/H11) | J11: =IF(OR(H11="",H11=0),"INPUT REQUIRED",F11/H11)
A12: 7 | B12: =Unlocks!B12 | C12: =Unlocks!L12 | D12: =C12*Inputs!$B$5 | E12: =C12*Inputs!$B$6 | F12: =C12*Inputs!$B$7 | G12: =C12*Inputs!$B$8 | H12: =IF(Inputs!$B$11="","",Inputs!$B$11) | I12: =IF(OR(H12="",H12=0),"INPUT REQUIRED",D12/H12) | J12: =IF(OR(H12="",H12=0),"INPUT REQUIRED",F12/H12)
A13: 8 | B13: =Unlocks!B13 | C13: =Unlocks!L13 | D13: =C13*Inputs!$B$5 | E13: =C13*Inputs!$B$6 | F13: =C13*Inputs!$B$7 | G13: =C13*Inputs!$B$8 | H13: =IF(Inputs!$B$11="","",Inputs!$B$11) | I13: =IF(OR(H13="",H13=0),"INPUT REQUIRED",D13/H13) | J13: =IF(OR(H13="",H13=0),"INPUT REQUIRED",F13/H13)
A14: 9 | B14: =Unlocks!B14 | C14: =Unlocks!L14 | D14: =C14*Inputs!$B$5 | E14: =C14*Inputs!$B$6 | F14: =C14*Inputs!$B$7 | G14: =C14*Inputs!$B$8 | H14: =IF(Inputs!$B$11="","",Inputs!$B$11) | I14: =IF(OR(H14="",H14=0),"INPUT REQUIRED",D14/H14) | J14: =IF(OR(H14="",H14=0),"INPUT REQUIRED",F14/H14)
A15: 10 | B15: =Unlocks!B15 | C15: =Unlocks!L15 | D15: =C15*Inputs!$B$5 | E15: =C15*Inputs!$B$6 | F15: =C15*Inputs!$B$7 | G15: =C15*Inputs!$B$8 | H15: =IF(Inputs!$B$11="","",Inputs!$B$11) | I15: =IF(OR(H15="",H15=0),"INPUT REQUIRED",D15/H15) | J15: =IF(OR(H15="",H15=0),"INPUT REQUIRED",F15/H15)
A16: 11 | B16: =Unlocks!B16 | C16: =Unlocks!L16 | D16: =C16*Inputs!$B$5 | E16: =C16*Inputs!$B$6 | F16: =C16*Inputs!$B$7 | G16: =C16*Inputs!$B$8 | H16: =IF(Inputs!$B$11="","",Inputs!$B$11) | I16: =IF(OR(H16="",H16=0),"INPUT REQUIRED",D16/H16) | J16: =IF(OR(H16="",H16=0),"INPUT REQUIRED",F16/H16)
... A89: 84 | B89: =Unlocks!B89 | C89: =Unlocks!L89 | D89: =C89*Inputs!$B$5 | E89: =C89*Inputs!$B$6 | F89: =C89*Inputs!$B$7 | G89: =C89*Inputs!$B$8 | H89: =IF(Inputs!$B$11="","",Inputs!$B$11) | I89: =IF(OR(H89="",H89=0),"INPUT REQUIRED",D89/H89) | J89: =IF(OR(H89="",H89=0),"INPUT REQUIRED",F89/H89)
A91: Month 13 (first investor unlock) | C91: =C18 | D91: =D18 | F91: =F18
A92: Column H may be overridden month by month with a specific volume figure; the yellow cells otherwise take the base case from Inputs.

Sheet Composition
A1: Composition of the month-13 unlock and of the TGE float (KNX)
A4: Class | B4: Unlocked at TGE (T+0) | C4: Unlock at T+13 | D4: Value of T+13 unlock at USD 0.16
A5: Legacy investors | B5: =Unlocks!C5 | C5: =Unlocks!C18 | D5: =C5*Inputs!$B$5
A6: New round | B6: =Unlocks!D5 | C6: =Unlocks!D18 | D6: =C6*Inputs!$B$5
A7: Emissions | B7: =Unlocks!E5 | C7: =Unlocks!E18 | D7: =C7*Inputs!$B$5
A8: Marketing | B8: =Unlocks!F5 | C8: =Unlocks!F18 | D8: =C8*Inputs!$B$5
A9: Treasury | B9: =Unlocks!G5 | C9: =Unlocks!G18 | D9: =C9*Inputs!$B$5
A10: Foundation | B10: =Unlocks!H5 | C10: =Unlocks!H18 | D10: =C10*Inputs!$B$5
A11: Team | B11: =Unlocks!I5 | C11: =Unlocks!I18 | D11: =C11*Inputs!$B$5
A12: Liquidity | B12: =Unlocks!J5 | C12: =Unlocks!J18 | D12: =C12*Inputs!$B$5
A13: Airdrop | B13: =Unlocks!K5 | C13: =Unlocks!K18 | D13: =C13*Inputs!$B$5
A14: Total | B14: =SUM(B5:B13) | C14: =SUM(C5:C13) | D14: =SUM(D5:D13)
